"rep","p","THCM_RMSE_adaptive","THCM_RMSE_fixed","THCM_R2_adaptive","THCM_R2_fixed","ICM_RMSE_adaptive","ICM_RMSE_fixed","ICM_R2_adaptive","ICM_R2_fixed","sel_adaptive","sel_fixed","jaccard"
1,15000,0.152412057092441,0.155377740418496,0.832987097133108,0.826424278983611,0.306282492073314,0.315556229195373,0.701287722685539,0.682924822595273,811,1001,0.140339836375079
2,15000,0.167225805777223,0.193128708179813,0.727774281452804,0.636908376942898,0.330407902060344,0.326152900358073,0.59804340999241,0.608329563274786,918,910,0.163590070019096
3,15000,0.157357093065973,0.168300350092397,0.772331467530772,0.73956437040127,0.29867197923769,0.295143961060748,0.640806516310073,0.64924223628824,801,1064,0.149106592729513
4,15000,0.20911712142467,0.204390611070693,0.765580919620024,0.776057945641423,0.376281078216171,0.373612041074265,0.575563025382365,0.581562903618491,836,967,0.232399179767601
5,15000,0.175321866091894,0.178696163441534,0.670037768897583,0.657214439636222,0.38174265305355,0.362140287427924,0.606453990010734,0.645833220312422,776,835,0.167391304347826
6,15000,0.175798404432393,0.167100494412243,0.732281673405099,0.75811790950886,0.322007700298718,0.329803054201186,0.620141031231161,0.601526708955901,780,786,0.172155688622754
7,15000,0.199781116593686,0.219626577157433,0.606678506336308,0.524655367855877,0.300526834658001,0.331096141669472,0.676533981191745,0.607381835130437,761,913,0.174736842105263
8,15000,0.145238487347391,0.138585456329882,0.779360525914223,0.799111492662069,0.252603946335682,0.254556335390136,0.690153039260115,0.685344882959263,761,998,0.171105193075899
9,15000,0.189877457234195,0.188157852158091,0.72134897637977,0.726373268855011,0.558087612560462,0.534962376092259,0.372790832659958,0.423692714439352,742,980,0.12992125984252
10,15000,0.136318273484923,0.127309888855203,0.831058281459619,0.852649018944079,0.231679164516632,0.22523932684257,0.674974091262599,0.692792038932308,997,1029,0.216816816816817
11,15000,0.202272891675826,0.184734890470537,0.683266335844948,0.735809793981803,0.282828098647648,0.268367245960391,0.637491196324295,0.673613288211544,844,880,0.196391394864677
12,15000,0.200387226699714,0.187837344350974,0.706632581515618,0.742228031120747,0.286792557529606,0.274839146991422,0.604195409738768,0.636501806643397,823,938,0.18029490616622
13,15000,0.166143334668152,0.175461374961494,0.809333232563851,0.78734665706832,0.390975880162606,0.391557384111218,0.541017070932263,0.539650752028684,1027,887,0.199248120300752
14,15000,0.177816095021398,0.182780711616764,0.823522931640018,0.81353090151853,0.518234293262503,0.507340808165831,0.414416704543938,0.438776334968252,901,1248,0.166666666666667
15,15000,0.163434503510297,0.169991529456829,0.765386854068113,0.74618375800717,0.451556942327171,0.442921365703965,0.508155541766384,0.526787731164871,835,940,0.187290969899666
16,15000,0.20976777885783,0.220970844157702,0.699431775602014,0.666469575678722,0.368902692788466,0.373605957720984,0.594560089886554,0.584156006915945,917,955,0.220338983050847
17,15000,0.180795947004924,0.18378982692767,0.794670273371789,0.787813677632714,0.570052672427707,0.541969981778917,0.371080831794375,0.431519823449051,843,917,0.182001343183345
18,15000,0.224072422051814,0.217921744948419,0.670631920805761,0.688465731655683,0.525064858625458,0.504009123359929,0.349050688031671,0.400211599847972,644,904,0.189853958493467
19,15000,0.182954459928394,0.17803343269136,0.592834421678871,0.614443361443445,0.360031505405366,0.341192669386134,0.611284688037413,0.650899863283982,886,909,0.175507531106745
20,15000,0.190573488869873,0.207200874227608,0.637223255466081,0.571157680212065,0.458077502186724,0.468296351179537,0.514686990266814,0.492792629060701,777,976,0.202331961591221
21,15000,0.158312227554939,0.175404745986777,0.754383458163814,0.69848329877918,0.473007198783961,0.46731424646552,0.425053094973744,0.438809537148155,772,1011,0.153298835705045
22,15000,0.140036497961322,0.138258187006561,0.763286585722758,0.769260417692032,0.55488003470372,0.528542552315361,0.37672068249332,0.434484603072737,712,756,0.183870967741935
23,15000,0.183336978866844,0.189081767486866,0.723372628357333,0.705765010803313,0.539361979682146,0.545612677894232,0.473434768156606,0.461159255252019,696,932,0.148906139731828
24,15000,0.172390383219678,0.169339041488378,0.591862631779816,0.606182977857532,0.364754294093871,0.362788475005116,0.537664638459076,0.542634661034527,902,1026,0.164251207729469
25,15000,0.196205833830458,0.198748413940512,0.719040645208136,0.711711706345899,0.433463484680479,0.417942187405589,0.492219924271977,0.527933651395803,791,1226,0.157864523536165
26,15000,0.146746209736102,0.140600374518446,0.672345637379095,0.699215727308549,0.550672883267877,0.547897641395288,0.465990397776995,0.471359361457069,762,981,0.15506958250497
27,15000,0.153426143675249,0.132981998703746,0.745782592109911,0.809018078001977,0.259027128691138,0.25263295948425,0.629621476194712,0.647681609831651,838,1178,0.185882352941176
28,15000,0.162128625231688,0.180773370759589,0.797121171622278,0.74777609799598,0.338100618888178,0.330776792790278,0.577603972228697,0.595705383980783,962,1160,0.209806157354618
29,15000,0.178548185736355,0.184679656368489,0.740746163673291,0.722634510567541,0.463797086529221,0.430051606600629,0.473676211953177,0.547479648629921,595,788,0.143920595533499
30,15000,0.212755143754772,0.211029413467121,0.714874068837181,0.719480818654374,0.305599158432488,0.313400562216781,0.661528611748933,0.644026886390596,764,963,0.159060402684564
31,15000,0.150528873424292,0.161786048022062,0.732779756509923,0.691317601713836,0.333728922637583,0.331910670130921,0.63999667540239,0.643908795329753,884,915,0.181997371879106
32,15000,0.165051870890593,0.166354777611706,0.775288476306293,0.771726762803554,0.426117683003202,0.433197413144104,0.546951016629407,0.531771596136982,667,1020,0.137559002022927
33,15000,0.192069940998217,0.186959832472064,0.756343325474507,0.769136047293516,0.473628226431974,0.454998947274401,0.486524586456738,0.526123378529327,970,809,0.189966555183946
34,15000,0.149612414643882,0.162648948659832,0.777203737908822,0.736685268682262,0.358388820081312,0.369723127587936,0.582170578866381,0.555324351806374,713,878,0.17243920412675
35,15000,0.200297970420371,0.193818922664138,0.696102442141263,0.715444841429431,0.426727188447996,0.41060749071983,0.502231947917652,0.539128209330392,812,1030,0.183804627249357
36,15000,0.160337233550098,0.163632464416064,0.72135242003211,0.709781264224439,0.581070870165819,0.563530598047301,0.380323486417393,0.417170089245939,966,955,0.177083333333333
37,15000,0.16000530899555,0.150768266164833,0.847240757650568,0.864369116431777,0.352098860649253,0.346439258959557,0.629953719883091,0.641754284347282,716,920,0.157001414427157
38,15000,0.130849217441513,0.143603949288612,0.774719148863681,0.728659396604124,0.435695584680215,0.452788296867201,0.517044268480461,0.47840743375875,818,891,0.184338184338184
39,15000,0.120049068330901,0.132540893375097,0.878413196950644,0.851793026519855,0.324976505450806,0.320210284689159,0.64500581840353,0.655342399763455,721,838,0.15910780669145
40,15000,0.174017064000456,0.196170767598877,0.685963841388196,0.600915771477363,0.529667727928091,0.538852883477948,0.437676433715963,0.418004426332073,756,1120,0.132166566083283
41,15000,0.171732677781607,0.167609494488253,0.813626454440674,0.822468420851795,0.458003169721827,0.461269700101428,0.553548112780413,0.547157112441949,1112,830,0.156640857653365
42,15000,0.155869065452054,0.153539252046022,0.839293883795965,0.844062206800766,0.406694685571186,0.412590358911642,0.529036981817278,0.515283322859385,854,891,0.191126279863481
43,15000,0.144288405035851,0.168430902796191,0.69529928838877,0.584803048647015,0.423239258059285,0.394258793248872,0.500800444972925,0.566823311096156,704,743,0.146592709984152
44,15000,0.189517890258923,0.182461756899325,0.744509728660652,0.763180398522714,0.529627280710401,0.498536952226734,0.356975368655665,0.430253555887426,802,1073,0.183712121212121
45,15000,0.151825255508801,0.17138517834439,0.853471307650055,0.813284163758801,0.391492439360411,0.390967042385853,0.538345810125076,0.5395840918067,815,895,0.184210526315789
46,15000,0.128462005150556,0.137489341100073,0.844624175148857,0.822019625864026,0.501439631955984,0.478877392224085,0.38604907772467,0.440055461488707,829,937,0.162606978275181
47,15000,0.131268205602437,0.1298340550606,0.799177064005904,0.803541213191427,0.327801554523348,0.327337995550776,0.668036828927826,0.668975053270445,864,995,0.193196405648267
48,15000,0.181862125642834,0.194686547060418,0.722445627611993,0.681920681193916,0.351021114863294,0.348761157745568,0.608363089386118,0.613389758156265,860,932,0.168949771689498
49,15000,0.175666925666806,0.174790205612635,0.655315761294233,0.658747682164517,0.308490843808435,0.295241154562871,0.5572072698251,0.5944263651073,759,1025,0.146529562982005
50,15000,0.142242030505592,0.141767212959504,0.613991298609111,0.616564065525007,0.264842096797941,0.274174284100876,0.634599702366528,0.60839493720285,987,995,0.210751374465486
51,15000,0.18201065476125,0.185236033060102,0.744377834168427,0.735237892302953,0.306660397435604,0.317121523099489,0.710383395358364,0.690286948843012,769,881,0.18364418938307
52,15000,0.176662615108164,0.194077692048143,0.775392052636919,0.728926510141326,0.650723654121495,0.637982828949532,0.323775241860576,0.349996253862239,834,901,0.202356202356202
53,15000,0.171102982219443,0.179600055187378,0.788258406046918,0.766705794827808,0.310135944373715,0.311523045668727,0.635269144749779,0.63199928824767,800,992,0.151670951156812
54,15000,0.215502496573833,0.221659568450135,0.657197393400774,0.637329299850364,0.292415868850484,0.294863080104383,0.636043826199339,0.629926479268425,824,1223,0.169046259280411
55,15000,0.19862562215163,0.183226645128153,0.76467547421317,0.799749360989408,0.606428173543423,0.614543494990808,0.331634980507899,0.313626947158173,865,1067,0.240847784200385
56,15000,0.171801339067271,0.167717906891037,0.642135763091324,0.658945269251042,0.308687209923613,0.312316906796291,0.63285224758791,0.624167275249436,818,931,0.169899665551839
57,15000,0.126707716382749,0.142809785762601,0.752635975095926,0.68577093987292,0.56198653779966,0.559200326939884,0.392435277110196,0.398444699165593,755,880,0.172043010752688
58,15000,0.164529937222034,0.161705698826199,0.735893151728752,0.744882382932244,0.269065848256246,0.268204336182242,0.648891642639587,0.651136445053196,729,910,0.231404958677686
59,15000,0.2169822816831,0.226255338828398,0.765002086053414,0.744486921041659,0.541939402218707,0.519638617379942,0.430073415097934,0.47601326003989,861,944,0.165267914783731
60,15000,0.168587899211544,0.17740576036009,0.794176676391984,0.772082735632143,0.673953391885157,0.660389607615517,0.335440752297518,0.361921017745155,848,979,0.177190721649485
61,15000,0.139616013928717,0.132690348394644,0.771020247435583,0.793173929314842,0.428378264401839,0.406759350075615,0.559582615490599,0.602913896140204,789,807,0.17960088691796
62,15000,0.121735228024048,0.137795532220077,0.842016276236223,0.797581560632713,0.568856869605223,0.54619848150922,0.382432926934051,0.430650301109303,816,853,0.186211798152097
63,15000,0.178026046329777,0.168333256321747,0.674518286230984,0.70899573808117,0.507060056346996,0.49979644847528,0.385949977556761,0.403416438684296,882,1052,0.196782178217822
64,15000,0.143685517467564,0.155911664105313,0.856371881764567,0.830889454012806,0.375539396227774,0.362316620278997,0.548682906761623,0.579905217161603,967,924,0.233529028049576
65,15000,0.204093460040632,0.221101943967865,0.699630096355667,0.647480325577222,0.360225780381778,0.352548213978707,0.533947922371697,0.553602345160955,910,1126,0.166093928980527
66,15000,0.145068392738231,0.146760305290687,0.797121283281886,0.792361394552482,0.492637389755738,0.486607479102337,0.425096531488177,0.43908410460291,824,1036,0.15527950310559
67,15000,0.208531334894567,0.215761289542595,0.635480411958462,0.609765841179311,0.332710195045602,0.324344970537443,0.576927039955803,0.597933965026365,827,922,0.156746031746032
68,15000,0.194053233480195,0.181162507122644,0.682648725554984,0.723410860062407,0.585930165418493,0.56851345695262,0.342368241373135,0.380883238932871,771,964,0.157438292194797
69,15000,0.172805554909965,0.169998901444426,0.766009683581134,0.773548752958285,0.406804797055764,0.375861094343967,0.595723305908991,0.654886997203584,793,886,0.191625266146203
70,15000,0.158050075080833,0.191507266336817,0.712716545927509,0.578214432825023,0.375227996246846,0.359473466678268,0.5312438954994,0.569780443784902,911,917,0.176319176319176
71,15000,0.183982276016041,0.197241653836607,0.682579887265614,0.635179076832554,0.527800010224468,0.517015687999104,0.443550309424371,0.466057415696206,845,827,0.175808720112518
72,15000,0.202633999696368,0.215768491050833,0.716863349993644,0.678968606141562,0.415778702317521,0.417000656260441,0.483319808419752,0.480278348328068,876,938,0.204515272244356
73,15000,0.131024936194766,0.115706557436385,0.881872686107713,0.907879060248937,0.428123267027759,0.431940108277147,0.576621816979352,0.569039090959957,778,924,0.166552433173406
74,15000,0.15541368041648,0.159687883895212,0.80938972404857,0.798761185005859,0.640327505374299,0.61683956801803,0.293090821473164,0.344000128270671,759,948,0.141042780748663
75,15000,0.213315849110005,0.221999213417285,0.485915747547966,0.443210645012371,0.445240729629903,0.465692102679362,0.488698485102608,0.440648181727567,1046,1033,0.179239931934203
76,15000,0.167766495473278,0.199885571541071,0.795556858456525,0.709781579965821,0.489969823324649,0.494321417531098,0.377601740946587,0.366497171790104,797,876,0.184005661712668
77,15000,0.146228500367434,0.157059639597263,0.645691754758054,0.591260697136193,0.337944416980041,0.331474215965309,0.61459737036716,0.629213745859177,937,972,0.202898550724638
78,15000,0.148539923896722,0.156536638715918,0.720350669158323,0.689430074106129,0.561939472527199,0.550530306243337,0.352519706767112,0.378544639007117,820,827,0.178954903364352
79,15000,0.164414752317575,0.170289967753966,0.815006150926922,0.801548744874243,0.497727896873264,0.482734380341884,0.370137374551598,0.407513670948692,672,956,0.148095909732017
80,15000,0.173812626505377,0.177613006359281,0.785425377869763,0.775939530015917,0.576354173231337,0.556935029169984,0.399118233338665,0.438927206562736,830,916,0.20997920997921
81,15000,0.159850104938379,0.168772422463269,0.747089654826626,0.718068429239824,0.573354248557921,0.552220393248395,0.376945520902019,0.422030615218485,789,870,0.19438444924406
82,15000,0.1151038264235,0.116642371664999,0.797162744653773,0.791704021207626,0.443951748901004,0.440251599234235,0.490639886020792,0.499095104574277,692,885,0.169881305637982
83,15000,0.173144376075991,0.17992345173281,0.75449998255559,0.734899652966085,0.299281524589631,0.290673717611278,0.612111270724037,0.634102977176183,834,1050,0.172370877411325
84,15000,0.186504908365194,0.192130096658266,0.568429935363391,0.542004107149798,0.435976250598006,0.436365941492282,0.529821981182042,0.528981082264097,797,1017,0.131628197130381
85,15000,0.197724388656681,0.191775497066348,0.722663919413104,0.739101173935376,0.55111970222679,0.551275287631701,0.407076689419929,0.406741868383905,1144,861,0.194874851013111
86,15000,0.151603427493216,0.16327934575003,0.673347597242635,0.6210950141576,0.439319163446828,0.432236921996632,0.46270160057815,0.479885484064342,744,829,0.166913946587537
87,15000,0.185834086621058,0.188534371335287,0.76303124527674,0.756094605531532,0.467851222513026,0.448787282397753,0.428125720122913,0.473781502444136,754,803,0.173323285606631
88,15000,0.177249173093331,0.195904032582526,0.799571592661855,0.755162694388983,0.299021189946827,0.297598060351007,0.650629019963979,0.653946624451541,747,765,0.145454545454545
89,15000,0.157665640406923,0.171176946363593,0.569149939644916,0.492141659525696,0.675854923853067,0.670783140150316,0.300756807133284,0.311212020322572,841,937,0.172823218997361
90,15000,0.174676128858589,0.172336562670119,0.80733876460456,0.812465110644432,0.361097879942591,0.361142159319313,0.570099823277606,0.569994384392162,755,865,0.164629762760604
91,15000,0.16838342938819,0.148441842508045,0.772854556050655,0.8234702109858,0.269665872372128,0.267163330793947,0.730360191632941,0.735341569299628,790,901,0.149558123725357
92,15000,0.188680780307375,0.206266316174963,0.688638043462998,0.627893852465404,0.352967058044541,0.364149439562396,0.602284700745981,0.576685408020194,761,1002,0.155307994757536
93,15000,0.148192770036798,0.168878694626661,0.76511584966061,0.694965187279947,0.392073826071934,0.392677292564303,0.617350062988582,0.616171233343695,960,811,0.203942895989123
94,15000,0.209455038291507,0.212397853129024,0.696293683876732,0.687699667672236,0.351860469142103,0.343959197975537,0.624006693587947,0.640703477446531,971,934,0.166564605021433
95,15000,0.172350923452007,0.174347398829737,0.689456011537139,0.682219794309382,0.3441042418614,0.325648195158001,0.526594851466955,0.576015211757432,827,1024,0.196509372979961
96,15000,0.169957446003745,0.16293064266952,0.663329925587469,0.690593335721113,0.407406033872365,0.399904072095638,0.502732986789235,0.520877694357259,729,1058,0.175657894736842
97,15000,0.171148439993018,0.163466557095108,0.721737957351303,0.746156579978429,0.321167601506316,0.320818247493237,0.637948408398985,0.638735632163241,807,779,0.182699478001491
98,15000,0.177032928146714,0.176434090707931,0.742033816558963,0.74377607474724,0.422137275423615,0.413535784627563,0.501850069252133,0.521943902762894,864,973,0.186692506459948
99,15000,0.171881061648984,0.187595843867464,0.657591244386482,0.592117350892246,0.52783651314845,0.517461854437611,0.360832590792114,0.385711415199949,893,1290,0.139352818371608
100,15000,0.148325905396417,0.157202168721938,0.796924021039239,0.771891427961208,0.355494346514773,0.346731404109321,0.606293993224983,0.625464489343394,909,902,0.172168284789644
1,20000,0.162903525759387,0.178121682185897,0.790343328028762,0.749342158385651,0.31465236937226,0.336465433430693,0.684738642382346,0.639512976142662,845,933,0.161332462442848
2,20000,0.164144266499205,0.165694304909029,0.59804969028657,0.590422495576911,0.300890698583326,0.314218556578059,0.666653555160279,0.636468573184473,774,895,0.147079037800687
3,20000,0.16828212528581,0.174318505152238,0.791456080234013,0.776226558132613,0.294842825655173,0.312960450750955,0.649957627490284,0.605616799872525,800,859,0.155292479108635
4,20000,0.220700022612566,0.210969617887481,0.656771005750278,0.686368955100939,0.365373141725055,0.371536508607564,0.599814185747401,0.586199089524478,977,840,0.156588160407384
5,20000,0.153279775219084,0.180813043573207,0.76869540762744,0.678134773661338,0.382387233628643,0.373855197556392,0.605123846382359,0.622548648816284,945,910,0.188340807174888
6,20000,0.194325841947392,0.182459738353593,0.687913138620809,0.724863337382448,0.33631129101873,0.331234648621366,0.585644825516942,0.598059850602723,752,854,0.167151162790698
7,20000,0.20316097095449,0.229509330994125,0.578008842608821,0.461453155997182,0.299874571652069,0.323788453526397,0.677936557818919,0.624521681671828,798,994,0.175081967213115
8,20000,0.166778076320088,0.15581690469717,0.747389662928656,0.779503173331771,0.261768470565697,0.252149177929363,0.667262576438172,0.691267683509793,704,857,0.15887156644395
9,20000,0.187896225654123,0.186983729982553,0.724666763540685,0.727334516190943,0.541312155092338,0.532585020560579,0.409930468803848,0.428803514983357,742,834,0.163958641063516
10,20000,0.139196735524196,0.136903068461051,0.865719084637955,0.870107954153785,0.231444218982426,0.236847918731832,0.675632973695242,0.660309680876639,818,921,0.153948241539482
11,20000,0.188828317069422,0.19446806638221,0.711212494772936,0.693704408600067,0.277379742800997,0.280938743975906,0.651323295637843,0.642318298278195,866,901,0.173306772908367
12,20000,0.207827292884574,0.190790511661427,0.687788418754271,0.736877859787451,0.298154698400712,0.279124066895892,0.572212207060228,0.625079108315242,895,862,0.191186440677966
13,20000,0.165441841651035,0.161932718964739,0.803995247000483,0.812221827882968,0.376507512185226,0.378508844919713,0.574358570855054,0.569821534486275,774,800,0.165062916358253
14,20000,0.183099846577809,0.166368145923486,0.774232084220003,0.81360827986349,0.506477331057327,0.509699581921305,0.440685077139129,0.433545622224936,761,893,0.171388101983003
15,20000,0.169198327125193,0.189870019794186,0.767212867122436,0.706856929141121,0.434115769571603,0.423617062780117,0.545416299552252,0.567137837757709,783,876,0.14968814968815
16,20000,0.204744404481175,0.20221634204875,0.735015812921831,0.741519148898563,0.35375432097456,0.342594358528268,0.627173861421016,0.650326065170612,840,1085,0.194168734491315
17,20000,0.186969309646938,0.200083585388408,0.695410480771568,0.651183332476943,0.54043617591504,0.539577452372098,0.434732932810023,0.436527862597338,897,913,0.170006464124111
18,20000,0.218203716790758,0.221861595260128,0.687920628003154,0.677369784420372,0.504275279569427,0.512238301141418,0.399577962279927,0.380465689119733,670,875,0.155572176514585
19,20000,0.206981376142749,0.187680516696911,0.48017359943891,0.572600339337656,0.332960916345007,0.324799972086077,0.667541721482445,0.683639245922654,820,882,0.139223560910308
20,20000,0.180377539661315,0.191163764606828,0.714063400615527,0.67884404508857,0.472151031273211,0.473901521036191,0.484408328249101,0.48057815123639,921,1033,0.209907120743034
21,20000,0.151586467316836,0.161478902640763,0.791336731260523,0.763213618227881,0.455618634021213,0.467704633613607,0.46654818753794,0.437871525715105,766,989,0.142578125
22,20000,0.152112933340676,0.152220795014001,0.762169053271519,0.761831646866961,0.514936449413576,0.524363153538275,0.463225610290436,0.443392758974969,712,800,0.168469860896445
23,20000,0.175336071375249,0.185831581911742,0.736731638685974,0.704270141706464,0.550121894299458,0.55984055485275,0.452215951849057,0.432690269409942,723,858,0.159941305942773
24,20000,0.15907524191763,0.169371853054585,0.628191114398939,0.578500505773152,0.346272257735669,0.344544793055005,0.583330528225147,0.587477475462942,902,1378,0.12039312039312
25,20000,0.195347768602188,0.209808446600742,0.705596614161551,0.660396758087084,0.429788883491057,0.439653165107376,0.500792643690252,0.477614602918619,892,1186,0.174674957603166
26,20000,0.144769784612312,0.143069571645759,0.788215576999727,0.79316086576771,0.551000235832316,0.554642239576101,0.465355315220479,0.45826416335115,788,831,0.184345281638625
27,20000,0.159648156130223,0.155201437675383,0.734889202089465,0.74945191785482,0.258821381596675,0.252133958271728,0.63020963111654,0.649072035504906,926,893,0.149084017687934
28,20000,0.173930844854369,0.182344575145057,0.732127700147322,0.705584759232543,0.333066859352374,0.334506633827885,0.590087900470427,0.586536321725729,1002,1152,0.192030990592142
29,20000,0.172552110387257,0.184120507150105,0.790460596466414,0.761422503118609,0.456762096144644,0.449750588420961,0.489521939685434,0.505073797212614,626,732,0.143097643097643
30,20000,0.219424717090855,0.218262468308305,0.696369544610165,0.699577565356683,0.32322399427373,0.324263951263732,0.62136143945888,0.618921018643544,679,863,0.152466367713004
31,20000,0.152953874113126,0.151359681984741,0.783432548017522,0.78792345627596,0.301834533858773,0.305185947086771,0.705519410931651,0.698943587513076,849,941,0.177631578947368
32,20000,0.167353452314081,0.17087639763825,0.779140223124295,0.769743744860952,0.439037721670068,0.43687586353717,0.519061307493348,0.523786010341803,714,998,0.136031851360319
33,20000,0.192250321646836,0.192664408774381,0.751349692012308,0.750277404834047,0.46179094133029,0.453282778016905,0.511870203716794,0.529691381390993,996,881,0.175328741390106
34,20000,0.158129737034499,0.163319193605874,0.750735423031116,0.734106377019218,0.359542783419713,0.367040632054093,0.579475539003351,0.561753558280564,742,859,0.202854996243426
35,20000,0.203417533817327,0.197644841798854,0.721272327696786,0.736867623919105,0.411727779784978,0.396163964919088,0.536609921276728,0.570981194255783,734,989,0.162618083670715
36,20000,0.151842510490152,0.16022806450426,0.780621565918522,0.75572200074815,0.557679112601531,0.559945625309332,0.429211013028513,0.424561997549531,805,834,0.1640625
37,20000,0.1679575158032,0.166407925101816,0.823279814754534,0.826525643920082,0.365506470854109,0.357688161598612,0.601235082146682,0.618112066298288,606,828,0.149038461538462
38,20000,0.1436294750175,0.166595685849268,0.774181323054303,0.696191294702835,0.448869047928412,0.449812971651542,0.487397965547625,0.485239803949543,831,921,0.170340681362725
39,20000,0.136942350003375,0.160089122699044,0.827059231608441,0.763655510505597,0.334606125748665,0.336054670294885,0.623655926516179,0.620390408517617,799,908,0.205508474576271
40,20000,0.175207263513852,0.187309073965123,0.709858176707317,0.668392949191206,0.533438427068413,0.552324355840186,0.429641583709464,0.388540567685897,696,1021,0.125163826998689
41,20000,0.160525056397106,0.168269190747604,0.851558758907803,0.836890924330443,0.449889455805063,0.435425643354162,0.569226156640689,0.596479409697117,852,822,0.156876295784381
42,20000,0.135225888881675,0.137594374395124,0.84786112215585,0.842485015508715,0.402811128155082,0.394646922423885,0.537988558033939,0.556526930264273,869,909,0.186124082721815
43,20000,0.13562538284137,0.156849733620075,0.747249489210454,0.661952554373295,0.436384203185698,0.420415787646839,0.469310685876704,0.507438646763184,692,798,0.143514965464313
44,20000,0.194393776371043,0.191387625140698,0.714256980387976,0.723026242029312,0.512200058867012,0.505561487751963,0.398596207061285,0.414084643036537,854,977,0.169220945083014
45,20000,0.151742801660125,0.150805658043619,0.867178435339757,0.868813946428428,0.362349557483218,0.356217735902774,0.604519118429686,0.617790831333326,810,936,0.158593231585932
46,20000,0.120216702517488,0.133164173855794,0.862792864685065,0.831646607416113,0.46794342833373,0.459110685816527,0.465333407317976,0.485327283586377,711,905,0.128491620111732
47,20000,0.131987741505519,0.144285434132029,0.82469082275143,0.790500766910179,0.306510766765736,0.301630571443729,0.709758602813629,0.71892734195182,764,954,0.176712328767123
48,20000,0.179004434299448,0.18972893034914,0.743486274955344,0.711829085272509,0.334549744851174,0.346296207374692,0.644255217263005,0.61883536098101,743,829,0.155882352941176
49,20000,0.171873379691239,0.171761791379329,0.70087644934642,0.701264733519554,0.297475010291267,0.295585652926862,0.58826583877933,0.5934793361009,791,806,0.185597624350408
50,20000,0.136990058047885,0.11954394795035,0.755676317602907,0.813944439205939,0.240024057094057,0.242128117874216,0.699873456794293,0.694588550724011,866,909,0.16622864651774
51,20000,0.191082506327021,0.188815815304144,0.772774924742386,0.778133805546978,0.309941013213076,0.301230743451416,0.704153683604196,0.72054836387219,808,926,0.173207036535859
52,20000,0.187809280904766,0.197384922282357,0.748046618556014,0.721699464722501,0.627643971034155,0.63233165023527,0.370892876933241,0.361460570422191,788,987,0.150356448476993
53,20000,0.185878024660638,0.198564162416658,0.771027077898111,0.738705802351177,0.312188208950516,0.309222159721041,0.630426101981171,0.637415264654471,745,862,0.128511235955056
54,20000,0.221400964648619,0.23132457700539,0.653749136464328,0.622014272875917,0.283986369905843,0.293388989277265,0.656724973877127,0.633617401745809,812,1083,0.156898656898657
55,20000,0.205858205834513,0.197337691314208,0.76008156434924,0.779531097410439,0.609872320501833,0.584670749418345,0.324021600103448,0.378733828244332,970,826,0.190192180251822
56,20000,0.166152927585977,0.180363388835217,0.748402069697984,0.703525161119329,0.305029485467437,0.299375686979225,0.641501578781201,0.654668132059055,892,995,0.164096236890808
57,20000,0.13445798964091,0.160994999582321,0.762741443576302,0.659847684957187,0.553340298949259,0.56638615220438,0.410986395869704,0.382885177388791,755,894,0.151536312849162
58,20000,0.153913361734756,0.171106631495909,0.80878202148732,0.763674950335655,0.236947305606844,0.252404045701528,0.727712589887949,0.691029770442565,782,886,0.176304654442877
59,20000,0.203825159199135,0.217296611548831,0.738441329720432,0.702724273824916,0.532120549619914,0.524017616759347,0.450538178292071,0.467144767296126,722,944,0.134104833219877
60,20000,0.150431972881919,0.171911842031346,0.846301930089403,0.799275816966858,0.65198227147384,0.648209973355226,0.378064205827858,0.385240290549281,819,1036,0.17553865652725
61,20000,0.125877619410936,0.132037021630787,0.823667034979449,0.805988306329557,0.428211643181185,0.414287605328129,0.559925156729808,0.58807942970039,820,886,0.207360226468507
62,20000,0.153332221540731,0.143961550203416,0.795362845895894,0.819610746789652,0.562219665163296,0.557868098881807,0.39675992843105,0.406061916419341,826,780,0.162925416364953
63,20000,0.169677089230512,0.165232561712589,0.73941566292728,0.752888379059563,0.501604065238737,0.498007839952681,0.399093300465484,0.407678754375021,842,942,0.156939040207523
64,20000,0.148713465698668,0.173174097096774,0.833573684541373,0.774323014138396,0.316576184896019,0.334744852896339,0.679279103625191,0.641409656020604,963,977,0.175757575757576
65,20000,0.214916574251163,0.198126581098386,0.675596863716151,0.724303840541129,0.323643388267769,0.321846716362714,0.623800386481359,0.627965657189785,699,949,0.142065142065142
66,20000,0.167000899165554,0.166421503185763,0.724624187039499,0.7265316601617,0.484843251444708,0.485839367742479,0.443144007003541,0.440853521818717,842,940,0.145980707395498
67,20000,0.195096774510017,0.217784192615409,0.653088195311677,0.567713564714865,0.309076614568664,0.303461417497959,0.634897047949194,0.648042669130312,789,871,0.184867951463241
68,20000,0.171139332240877,0.174944755337363,0.785444778159687,0.775797073416394,0.58114570307778,0.565688726918231,0.353064288143618,0.387020272381347,643,820,0.130602782071097
69,20000,0.159740829984397,0.163030088046509,0.797701025768518,0.789284087291826,0.392706933457499,0.367243060699462,0.623258282976668,0.670531596697273,795,911,0.19719298245614
70,20000,0.174061190161214,0.187104798534712,0.709469995920761,0.664295669118629,0.354231676696938,0.371299418259955,0.582235764394126,0.54100811666185,744,1042,0.138304652644997
71,20000,0.178352187151623,0.177234272356569,0.680395545606954,0.684389562186733,0.538394337331762,0.537015484413207,0.420987308022148,0.423949267126519,900,842,0.180216802168022
72,20000,0.196517167939855,0.197383665159766,0.738468790553123,0.736157382608687,0.411102596525473,0.410832482014261,0.494876268699773,0.49553983262103,826,924,0.197809719370294
73,20000,0.123184307106541,0.125719578507103,0.866798715624645,0.861259429786417,0.408071136165116,0.409244290960445,0.615352807113213,0.613138000408282,856,890,0.174966352624495
74,20000,0.180426150403782,0.171088812139986,0.753878791910957,0.778693946224156,0.646918526280187,0.636802867361414,0.278463205280003,0.300851667369178,796,922,0.159244264507422
75,20000,0.200036436261813,0.207237373482438,0.541149260432027,0.507519116484807,0.431055351090611,0.441024142931728,0.520759635895496,0.498337038962395,921,854,0.150356448476993
76,20000,0.167959968736828,0.19987423956251,0.799350046488245,0.715854264752048,0.479139606347264,0.502703056128492,0.404812438791153,0.344831884483699,760,890,0.147426981919332
77,20000,0.161124853899805,0.166684060019154,0.695851577360686,0.67450176654613,0.349132238124549,0.350754575534066,0.588657080247193,0.584825365986541,872,1051,0.168286755771567
78,20000,0.141877224393465,0.143188482056859,0.848221359876619,0.84540285815661,0.540496848037082,0.554329365324023,0.400990366270012,0.369938058313501,835,832,0.148862853204686
79,20000,0.159696146292767,0.166477316087999,0.824012178811506,0.80874892995882,0.484530911028763,0.492350694916571,0.403095504053418,0.383673298049787,856,1051,0.150875075437538
80,20000,0.147896906735579,0.139992195640383,0.848030397864441,0.863841049589706,0.593811953241175,0.596714747150045,0.362165490447633,0.355914260353279,818,911,0.186684969114619
81,20000,0.166654771958172,0.192524718205649,0.713322363058249,0.617412037621337,0.537565322432616,0.542423820755476,0.452300375735417,0.442355453320296,890,953,0.186735350933677
82,20000,0.135869235469004,0.133982787602414,0.770589108425449,0.776915298776018,0.428992564671646,0.437798037188567,0.524387870656151,0.504662723519509,705,863,0.165799256505576
83,20000,0.164506157429101,0.181874934110004,0.778782141367591,0.729603188709294,0.270674960120047,0.281021406857388,0.682719407068934,0.657999963195162,787,953,0.169354838709677
84,20000,0.180095463813209,0.187294945353763,0.653732323761477,0.625494225733512,0.412302422139537,0.421519063029002,0.579497647592101,0.560487634973374,909,947,0.161451814768461
85,20000,0.206221884411337,0.196607502036989,0.680379699048794,0.709487365484221,0.532858043359501,0.546286346965192,0.445719369770006,0.417431036494368,1149,886,0.165521191294387
86,20000,0.160173098293078,0.171275996577362,0.72320937071676,0.683506178272437,0.434365327203851,0.43543826555093,0.474750614979513,0.472152542781731,776,790,0.159141376757957
87,20000,0.18131693330204,0.187693369540997,0.7478815204819,0.729837036688952,0.437272000983115,0.439761512732982,0.500439183233988,0.494734711968845,799,905,0.181692094313454
88,20000,0.177405395245872,0.198671850096283,0.810482517242756,0.762322372010537,0.299468526559928,0.298007423010903,0.649582917957351,0.652993938391512,949,753,0.129396151293962
89,20000,0.159938604485251,0.177068789490189,0.655054886808404,0.57720735012501,0.656670305265456,0.676462417308316,0.339890415341058,0.299499210101771,766,805,0.190151515151515
90,20000,0.174643856815833,0.174246689343761,0.725537153378257,0.726784076879042,0.382298986310558,0.372151197153619,0.518136490540663,0.543378257337882,878,868,0.151715039577836
91,20000,0.142358144825886,0.137837666994263,0.808809675636132,0.820759107404332,0.272687778264054,0.27617233883704,0.72428310345941,0.717191544356977,866,978,0.217965653896962
92,20000,0.174342155498263,0.20032664319237,0.710845758988295,0.618229671441379,0.354516475308435,0.360183014280942,0.598785340335544,0.585856924890416,687,1031,0.130263157894737
93,20000,0.154599705088369,0.164476358841911,0.820197068640569,0.796489691938434,0.367340923620318,0.365311421524167,0.664104201287879,0.667805493665899,927,775,0.177040110650069
94,20000,0.206976752104955,0.208228500694701,0.691965914328391,0.688228806827692,0.350541328010415,0.344833018310862,0.626820641375521,0.638875589636134,1063,962,0.163124641010913
95,20000,0.160202395699324,0.146577435228964,0.688589805328528,0.7393071920738,0.330743795502336,0.32185957497621,0.562642744118489,0.585823178327807,920,1068,0.20048309178744
96,20000,0.181147606037627,0.176979635125874,0.621921004636017,0.639119061826878,0.403816860000486,0.400522853873544,0.51145605830941,0.519393830889557,1003,991,0.198317307692308
97,20000,0.174748755284722,0.166204910557411,0.701568748159355,0.730037264225561,0.333433991069919,0.315104177399687,0.609764526200217,0.651489934504285,899,818,0.158569500674764
98,20000,0.193477138920438,0.180761787787828,0.689951177552684,0.729364957701005,0.413209940536929,0.433522240506614,0.522696971252525,0.474617704444086,866,865,0.148639681486397
99,20000,0.153879324765297,0.170782021914581,0.785643985374044,0.735966257292609,0.531923903502529,0.517622647845603,0.350895263962587,0.385329594200452,1019,871,0.183469004383219
100,20000,0.139799249974729,0.14208577094762,0.835971768512279,0.830562281188799,0.347498692502832,0.339534033390376,0.623805022000308,0.640852151537311,842,916,0.159630606860158
