"rep","p","cap","adaptive","outer_iters","outer_converged","outer_hit_cap","final_outer_delta","inner_mean","inner_max","inner_conv_frac","inner_cap_frac","n_steps","n_desc","worst_increase","obj_change","scale_ratio","n_selected"
1,15000,5,TRUE,5,FALSE,TRUE,0.00169425938272,29.6,50,0.8,0.2,5,3,4.20834771528433e-05,-1.89881419348062,1.06233360184656,43
2,15000,5,TRUE,5,TRUE,FALSE,0.000958600716882803,27.4,50,0.6,0.4,5,2,0.00472057815404181,-2.37503081550055,1.15400848820648,49
3,15000,5,TRUE,5,FALSE,TRUE,0.00342728779814996,25.8,50,0.8,0.2,5,2,0.00636421502338003,-2.39077942935234,1.15511823609061,43
4,15000,5,TRUE,5,FALSE,TRUE,0.00395589989115021,45.4,50,0.6,0.4,5,3,0.0010775840710453,-2.61507531569881,1.13958939649736,48
5,15000,5,TRUE,5,FALSE,TRUE,0.00168584177229887,30.4,50,0.8,0.2,5,2,0.00231147784502728,-2.43571368543123,1.11847237401311,37
6,15000,5,TRUE,5,FALSE,TRUE,0.0027489222927678,22.6,50,0.8,0.2,5,5,-0.00307566517767643,-2.16256053195118,1.07149811308122,40
7,15000,5,TRUE,5,FALSE,TRUE,0.00229633719684008,33.2,50,0.6,0.4,5,4,0.000588513355869402,-1.9812614495212,1.0509903630837,48
8,15000,5,TRUE,5,FALSE,TRUE,0.0020067642881335,38.8,50,0.6,0.4,5,3,0.000965901311129613,-2.075950127714,1.08737338928434,50
9,15000,5,TRUE,5,FALSE,TRUE,0.00135659675426444,26.2,50,0.8,0.2,5,2,0.00300981340967965,-1.77399786039175,1.17227681156709,48
10,15000,5,TRUE,5,FALSE,TRUE,0.00311092948442404,32,50,0.6,0.4,5,3,0.000923752929303134,-2.30742241900947,1.08495715105437,57
11,15000,5,TRUE,5,FALSE,TRUE,0.00115797439641579,21.6,50,0.8,0.2,5,5,-0.000613546551694988,-2.66350416206732,1.14753495020057,49
12,15000,5,TRUE,5,TRUE,FALSE,0.000947635273611724,35,50,0.6,0.4,5,2,0.00213475246170169,-2.46568289638391,1.11542091199936,49
13,15000,5,TRUE,5,TRUE,FALSE,0.000543687460455246,17.8,50,0.8,0.2,5,3,0.000218692189812408,-2.51032110948816,1.06817323243097,41
14,15000,5,TRUE,5,FALSE,TRUE,0.0058259415709998,45,50,0.2,0.8,5,3,0.00464076952682291,-1.72531127567464,1.17415272722961,67
15,15000,5,TRUE,5,TRUE,FALSE,0.000418193970366908,25.6,50,0.8,0.2,5,5,-0.000161778656532441,-2.35415795875319,1.07105366504111,41
16,15000,5,TRUE,5,FALSE,TRUE,0.00119980012141276,35.8,50,0.6,0.4,5,5,-0.000125986477447881,-1.73868543700413,1.01866659799159,51
17,15000,5,TRUE,5,TRUE,FALSE,0.000517471101885618,24.2,50,0.8,0.2,5,3,0.000126849123566863,-2.17120346093788,1.05850159927997,43
18,15000,5,TRUE,5,TRUE,FALSE,0.000904475227212209,23,50,0.8,0.2,5,3,0.000310999074912388,-2.8307961171396,1.0419898743615,37
19,15000,5,TRUE,5,FALSE,TRUE,0.00159080615161295,31.2,50,1,0.2,5,4,6.64268974643889e-05,-2.41147816421379,1.02981814483381,42
20,15000,5,TRUE,5,FALSE,TRUE,0.00118570561372379,26.2,50,0.8,0.2,5,2,0.000479554315324648,-2.43672709390294,1.14821907418912,45
21,15000,5,TRUE,5,FALSE,TRUE,0.00254257963684064,30.4,50,0.6,0.4,5,3,0.00311654110915871,-2.46097428718469,1.13920974291323,50
22,15000,5,TRUE,5,TRUE,FALSE,0.000826738256275818,17.8,50,0.8,0.2,5,4,0.000367843580611371,-3.10763743987126,1.09140840528915,33
23,15000,5,TRUE,5,FALSE,TRUE,0.00101471894716301,26.8,50,0.8,0.2,5,2,0.00199391542264404,-2.56450793618815,1.1150975319311,37
24,15000,5,TRUE,5,FALSE,TRUE,0.0021710164167805,39.4,50,0.6,0.4,5,5,-0.000421334553267094,-2.50847263615206,1.06877050158549,50
25,15000,5,TRUE,5,FALSE,TRUE,0.00174574070504155,32.8,50,0.6,0.4,5,3,0.0011073134880597,-1.78187494457835,1.0951710845153,59
26,15000,5,TRUE,5,TRUE,FALSE,0.000545377861999835,24,50,0.8,0.2,5,3,0.000341827683703499,-2.2177359870296,1.04464822627261,48
27,15000,5,TRUE,5,FALSE,TRUE,0.00440916751183393,39.2,50,0.6,0.4,5,4,0.00233191068699412,-1.95132610311187,1.20379063296171,56
28,15000,5,TRUE,5,FALSE,TRUE,0.00780607483623615,34.6,50,0.8,0.2,5,4,4.82160423205258e-05,-2.09638459808802,1.15888344182878,55
29,15000,5,TRUE,5,TRUE,FALSE,0.000622141134433837,19,50,0.8,0.2,5,5,-3.87149454166291e-05,-2.26279302741701,1.04742319787296,33
30,15000,5,TRUE,5,FALSE,TRUE,0.00492723460928408,41.8,50,0.8,0.2,5,2,0.00844606630889189,-2.44932757075946,1.16893121712135,46
31,15000,5,TRUE,5,FALSE,TRUE,0.00300632849914706,25.4,50,0.8,0.2,5,4,0.000712277087533408,-2.48606078615231,1.05414804254913,44
32,15000,5,TRUE,5,TRUE,FALSE,0.000951022245575879,20.8,45,1,0,5,4,0.000554314000552836,-2.3237181371328,1.10373776035216,38
33,15000,5,TRUE,5,FALSE,TRUE,0.00128219777616934,24.8,47,1,0,5,4,0.000237636742506098,-3.15617103297262,1.16455524238101,35
34,15000,5,TRUE,5,TRUE,FALSE,0.000927478804382814,25.2,50,0.8,0.4,5,5,-0.000927132906787698,-2.27108369660919,1.2060302920305,43
35,15000,5,TRUE,5,FALSE,TRUE,0.00222780529111817,39.2,50,0.6,0.4,5,5,-0.000203197758526841,-2.00142830686944,1.08165575734651,53
36,15000,5,TRUE,5,TRUE,FALSE,0.000633169317444753,20.6,50,0.8,0.2,5,5,-2.02097584285355e-05,-1.74060207874122,1.03445914285408,46
37,15000,5,TRUE,5,TRUE,FALSE,0.000445957739652172,17.6,50,0.8,0.2,5,3,0.00535238116370795,-2.58290049255185,1.1527950746858,39
38,15000,5,TRUE,5,FALSE,TRUE,0.00122705444441593,21.6,50,0.8,0.2,5,5,-0.00145884320243983,-2.57516634289913,1.11014158305893,38
39,15000,5,TRUE,5,FALSE,TRUE,0.00146681101231868,22.8,50,0.8,0.2,5,5,-0.0011264539599809,-2.67387570591349,1.11674368731925,39
40,15000,5,TRUE,5,FALSE,TRUE,0.00136305199310109,26.2,49,1,0,5,5,-0.000112679105231273,-1.62013059862141,1.01277813067749,48
41,15000,5,TRUE,5,TRUE,FALSE,0.000750989806501525,13.6,36,1,0,5,5,-0.000395453085073605,-2.80549975273622,1.12670761261985,38
42,15000,5,TRUE,5,FALSE,TRUE,0.00136934468068806,19.6,50,1,0.2,5,5,-0.00155601310103304,-2.77657449483314,1.07683202416774,41
43,15000,5,TRUE,4,TRUE,FALSE,0.000791327488630058,19.75,50,0.75,0.25,4,4,-0.000113687769454529,-3.08060709134141,1.02518172617987,31
44,15000,5,TRUE,5,TRUE,FALSE,0.000906321127321822,24.6,50,0.8,0.2,5,4,0.00093232341852989,-2.25678415536122,1.09731386201833,47
45,15000,5,TRUE,5,TRUE,FALSE,0.00075282996416775,18.8,50,0.8,0.2,5,3,0.000659372227813648,-2.94433831369836,1.06601684290229,38
46,15000,5,TRUE,5,TRUE,FALSE,0.000429936868109667,19.6,40,1,0,5,3,0.00506674116985817,-2.34559527199534,1.17285898351678,35
47,15000,5,TRUE,5,FALSE,TRUE,0.00312353300996809,26.4,50,0.8,0.2,5,5,-0.00175905453209246,-2.4061043850537,1.01976213167153,48
48,15000,5,TRUE,5,FALSE,TRUE,0.0101654302064309,36.2,50,0.8,0.2,5,5,-0.0116504918634242,-3.25775690679327,1.16709828869827,37
49,15000,5,TRUE,5,TRUE,FALSE,0.000894678658605514,26.4,50,0.6,0.4,5,2,0.00385873828649963,-2.36859364796278,1.14800215571631,48
50,15000,5,TRUE,5,FALSE,TRUE,0.0025479922826064,43.8,50,0.4,0.6,5,5,-0.000568172464935124,-2.70199912557191,1.07415019706926,50
51,15000,5,TRUE,5,FALSE,TRUE,0.00111181351405358,29.2,50,0.8,0.2,5,4,0.000738256888196176,-2.49518017200293,1.10495494606388,47
52,15000,5,TRUE,5,FALSE,TRUE,0.00164157332770915,25.6,50,0.6,0.4,5,3,0.000297319367199123,-2.22993893048586,1.11305554595484,46
53,15000,5,TRUE,5,FALSE,TRUE,0.00102989302172683,31.4,50,0.6,0.4,5,2,0.0014827169981606,-2.26728806240987,1.13396001252375,44
54,15000,5,TRUE,5,FALSE,TRUE,0.00443281789892676,47.8,50,0.2,0.8,5,3,0.00308279017752078,-1.59564667067847,1.14173628191227,64
55,15000,5,TRUE,5,FALSE,TRUE,0.00157421840360175,34.6,50,0.6,0.4,5,2,0.00286249498970736,-2.01228759930595,1.15237522917837,53
56,15000,5,TRUE,5,TRUE,FALSE,0.000781381899595163,28.6,50,0.8,0.2,5,5,-0.000146419345094628,-3.5585229778287,1.08546407275036,44
57,15000,5,TRUE,5,TRUE,FALSE,0.000449590951375911,25,50,0.8,0.2,5,4,0.00266698436026935,-1.97795087170886,1.18279631253021,39
58,15000,5,TRUE,5,FALSE,TRUE,0.00110651864203827,33,50,0.6,0.4,5,4,0.00167324642894506,-2.91104532914225,1.151687778128,43
59,15000,5,TRUE,5,TRUE,FALSE,0.000713523966933604,20.4,50,0.8,0.2,5,4,0.000773941804019351,-2.74226098263686,1.08374024276208,42
60,15000,5,TRUE,5,TRUE,FALSE,0.000893398606229276,25.8,50,0.6,0.4,5,3,0.00040986460028325,-2.31884330312357,1.08504721447987,47
61,15000,5,TRUE,5,TRUE,FALSE,0.000545425725709985,18.8,50,0.8,0.2,5,5,-0.000461807524220426,-3.60154518478587,1.12116079805784,35
62,15000,5,TRUE,5,TRUE,FALSE,0.000753763521062569,23.4,50,1,0.2,5,2,0.00399054971027013,-2.63953740723512,1.13801110899318,35
63,15000,5,TRUE,5,FALSE,TRUE,0.00594221512841518,22.6,50,0.8,0.2,5,5,-0.00553403162242283,-2.44033568646156,1.03620832999962,49
64,15000,5,TRUE,5,FALSE,TRUE,0.00167222361751103,29.4,50,0.8,0.2,5,2,0.00248402857592644,-2.69899785962395,1.1408707858458,49
65,15000,5,TRUE,5,FALSE,TRUE,0.00221857063103779,29.4,50,0.6,0.4,5,3,0.000764443433395989,-1.88967932076895,1.07554409063503,52
66,15000,5,TRUE,5,FALSE,TRUE,0.00330019543685711,33.4,50,0.6,0.4,5,5,-0.00026313346760265,-2.2680500831578,1.10974278499374,50
67,15000,5,TRUE,5,FALSE,TRUE,0.00133384507843433,22.8,50,0.8,0.2,5,3,0.00658236386053268,-2.46303358387789,1.19644015559768,45
68,15000,5,TRUE,5,TRUE,FALSE,0.000972064665341855,20.6,50,1,0.2,5,2,0.00129695331945445,-2.48285374442788,1.11961624341549,38
69,15000,5,TRUE,5,TRUE,FALSE,0.000416734711223039,18.8,50,0.8,0.2,5,4,1.99104681586348e-05,-2.5596864632477,1.05497946504938,36
70,15000,5,TRUE,5,TRUE,FALSE,0.000719338937185207,24.6,50,0.8,0.2,5,4,0.000449971066336374,-2.51121141648189,1.11076425774363,45
71,15000,5,TRUE,5,FALSE,TRUE,0.00273571850239901,27.2,50,0.6,0.4,5,2,0.00672409570311316,-3.28789711140462,1.16807945194207,34
72,15000,5,TRUE,5,TRUE,FALSE,0.000975811511655751,22,50,0.8,0.2,5,2,0.00729539585352779,-2.70442560347972,1.15484686585594,41
73,15000,5,TRUE,4,TRUE,FALSE,0.000759137138998597,22.25,50,0.75,0.25,4,3,0.000222156147826169,-2.1050319912032,1.05105296115496,40
74,15000,5,TRUE,5,TRUE,FALSE,0.000901258935807662,27.8,50,0.8,0.4,5,2,0.00226521908415744,-2.88101025027584,1.1145832285596,41
75,15000,5,TRUE,5,FALSE,TRUE,0.00288773532112346,38.4,50,0.6,0.4,5,4,0.000244642791630945,-2.57751784465123,1.09472160074161,51
76,15000,5,TRUE,5,FALSE,TRUE,0.00276217161238153,27.4,50,0.8,0.2,5,3,0.00343940856226332,-2.51457362054644,1.10546623792448,42
77,15000,5,TRUE,5,FALSE,TRUE,0.00137559894372162,26.8,50,0.8,0.2,5,3,0.000543180320379477,-2.41217065711388,1.06588427167282,47
78,15000,5,TRUE,5,TRUE,FALSE,0.00074098206768081,16.2,28,1,0,5,4,0.00037126877434801,-2.20346028884723,1.0740887777486,36
79,15000,5,TRUE,5,FALSE,TRUE,0.00133435353737927,25,50,0.8,0.2,5,4,0.000394989289138614,-2.91767989966966,1.0858360553928,46
80,15000,5,TRUE,5,TRUE,FALSE,0.000259670900047667,17.4,43,1,0,5,3,4.06943886810396e-05,-2.26568844064261,1.02621593070464,41
81,15000,5,TRUE,5,TRUE,FALSE,0.000939107207530633,22.2,47,1,0,5,3,0.0043498710411054,-2.71610627383404,1.14618783302826,35
82,15000,5,TRUE,5,FALSE,TRUE,0.00134515485014138,29.2,50,0.8,0.2,5,5,-0.00134314585475614,-2.08390882584113,1.12399570332484,42
83,15000,5,TRUE,5,FALSE,TRUE,0.00627995969417419,42.2,50,0.4,0.6,5,5,-0.00526504163575492,-2.34748084626558,1.11803504961414,48
84,15000,5,TRUE,5,FALSE,TRUE,0.00106277643338874,22.6,50,0.8,0.2,5,3,0.000946300882991302,-2.1055455152464,1.07456800927959,45
85,15000,5,TRUE,5,FALSE,TRUE,0.00135293583585812,28,47,1,0,5,5,-0.000256220048524547,-2.44803735453052,1.03136647439494,41
86,15000,5,TRUE,5,TRUE,FALSE,0.000859511596408306,19,50,0.8,0.2,5,4,0.00121017202475304,-2.38536521016516,1.12296787266267,38
87,15000,5,TRUE,5,TRUE,FALSE,0.000673772348623716,21.8,50,0.8,0.2,5,2,0.00245088837676644,-3.34650578908533,1.16008246581145,38
88,15000,5,TRUE,5,FALSE,TRUE,0.00195198434117112,23.4,50,0.8,0.2,5,3,0.00181096304945338,-2.46628344329828,1.13132316015093,37
89,15000,5,TRUE,5,TRUE,FALSE,0.000919185365158601,23.4,49,1,0,5,5,-0.000271087444168927,-1.96765128909745,1.0244595979173,43
90,15000,5,TRUE,5,FALSE,TRUE,0.001303918056057,24,50,0.8,0.2,5,4,0.000482475707674013,-2.77452826097525,1.06437020447085,35
91,15000,5,TRUE,5,TRUE,FALSE,0.000754718098086202,24.8,50,0.8,0.2,5,5,-9.48382323811003e-05,-2.01297591891601,1.04935856193119,50
92,15000,5,TRUE,5,FALSE,TRUE,0.00116214057680504,23.2,50,0.8,0.2,5,3,0.000758402495199206,-1.92106655557943,1.09929524199276,45
93,15000,5,TRUE,5,TRUE,FALSE,0.000519248633833227,19.2,44,1,0,5,4,0.000631471442111398,-3.31393640039993,1.1366491805922,35
94,15000,5,TRUE,5,FALSE,TRUE,0.00229145938309017,31.2,50,0.6,0.4,5,5,-0.00108671938241045,-2.3609822976013,1.05200508827986,49
95,15000,5,TRUE,5,FALSE,TRUE,0.00216328439416146,26.6,50,0.6,0.4,5,3,0.000594420764173265,-2.06092417433199,1.10450451057402,48
96,15000,5,TRUE,5,FALSE,TRUE,0.00285938484741733,27.6,50,0.8,0.2,5,2,0.00457109724669102,-1.72359294561716,1.15667388505529,55
97,15000,5,TRUE,5,FALSE,TRUE,0.00742373650497713,30,50,0.6,0.4,5,4,0.00136335536340226,-3.4289816538622,1.13185339300217,34
98,15000,5,TRUE,5,FALSE,TRUE,0.00572594610584974,30.4,50,0.8,0.4,5,5,-0.00398311894976899,-2.3355918481085,1.06425725122086,49
99,15000,5,TRUE,5,FALSE,TRUE,0.00175555783986603,24.4,50,0.8,0.2,5,5,-0.000476440570936099,-2.0762868005281,1.11283665444232,66
100,15000,5,TRUE,5,FALSE,TRUE,0.00120313238912057,24.2,50,0.8,0.2,5,2,0.00254706053074738,-2.95041893421649,1.15435742141859,38
