"rep","p","thcm_rmse_adaptive","thcm_rmse_fixed","thcm_r2_adaptive","thcm_r2_fixed","icm_rmse_adaptive","icm_rmse_fixed","icm_r2_adaptive","icm_r2_fixed","sel_adaptive","sel_fixed","jaccard"
1,15000,0.167670035434759,0.167566717640924,0.797873950771045,0.798122973004978,0.316350260726871,0.31602865736581,0.681327107666086,0.681974707443449,43,44,0.977272727272727
2,15000,0.172513796768764,0.173140422956758,0.705916108873214,0.703775812215797,0.324357086307262,0.32117700757996,0.612630802878886,0.620189298374745,49,50,0.98
3,15000,0.14912559808842,0.147656826002808,0.795527570609572,0.799535526634876,0.300450137609962,0.296330636937047,0.636516832513508,0.646416004993832,43,44,0.977272727272727
4,15000,0.211900542429976,0.211139218854313,0.759298991087855,0.761025481778095,0.367629589967732,0.367072561225918,0.594856038502814,0.596082848670556,48,51,0.941176470588235
5,15000,0.153430868333988,0.152295426552156,0.747292839308644,0.75101924150183,0.367076816362918,0.363950034384669,0.636111733931257,0.642284574608045,37,40,0.925
6,15000,0.180509580766451,0.181209119029344,0.745975660273463,0.744002977503174,0.331616862079141,0.330914606819707,0.597131713583024,0.598836191512097,40,41,0.975609756097561
7,15000,0.195635750214792,0.196023067854198,0.556265601355843,0.554506860542445,0.303076651936167,0.302676577500088,0.671021806808325,0.671889764765494,48,46,0.958333333333333
8,15000,0.145036239137358,0.144415592679436,0.779974589989632,0.781853648757731,0.266200486028384,0.263417719760543,0.655900004835022,0.663056602696839,50,50,1
9,15000,0.187137042142826,0.187712772911641,0.729334221125729,0.727666242160733,0.558517841989954,0.55503421502664,0.371823429523264,0.379635205844428,48,50,0.96
10,15000,0.140648296786036,0.140353364283257,0.820155273221098,0.820908733352669,0.2289840554266,0.229588792037697,0.682492118801287,0.680812856174779,57,57,0.96551724137931
11,15000,0.181357900597219,0.181157924566172,0.745380407834606,0.745941615731159,0.263149272255451,0.262376860137924,0.686182038626657,0.688021610858105,49,50,0.941176470588235
12,15000,0.207708827267264,0.204097325944922,0.684803260014564,0.695668827647247,0.287656349090007,0.285643421641529,0.60180756856553,0.607360917505267,49,48,0.94
13,15000,0.160010717584832,0.159437824700277,0.823149088145906,0.824413194157423,0.365641037088667,0.364956231754833,0.598573105825167,0.600075354327951,41,41,1
14,15000,0.189840219236327,0.189905088153028,0.795492179372956,0.795352393742886,0.518414588888949,0.520199740992714,0.41400918048013,0.409966532564474,67,68,0.928571428571429
15,15000,0.182551120026427,0.182348141608838,0.70346127308512,0.704120348728126,0.449059065848044,0.448039748406658,0.51358196115668,0.515787691782677,41,41,1
16,15000,0.214753054424684,0.214782139988919,0.684698528442832,0.684613115527449,0.385599788959396,0.385443195915502,0.557027851384078,0.557387562536269,51,53,0.962264150943396
17,15000,0.196369807609046,0.196293140446119,0.757772259942629,0.757961365269855,0.550872063828876,0.550132355498124,0.412691404735998,0.414267616016833,43,44,0.977272727272727
18,15000,0.215532948530845,0.215404244217978,0.702698587716,0.703053545504893,0.508580394585949,0.508215144804337,0.389282316542925,0.390159206030591,37,37,1
19,15000,0.182321759102293,0.182394655095786,0.611827618144771,0.611517157470575,0.369593058227638,0.36895153093266,0.590363877292201,0.591784708525015,42,43,0.931818181818182
20,15000,0.180050117177604,0.181463592073525,0.668506576988299,0.663281400424313,0.470599741510723,0.469064486310134,0.487790797303125,0.491127344554602,45,45,0.956521739130435
21,15000,0.171542110264035,0.170184042112781,0.752616506667445,0.756517983231316,0.474915817019163,0.474890991298524,0.420403829162643,0.420464423129081,50,49,0.903846153846154
22,15000,0.143916262585629,0.14327302094459,0.767468182937678,0.769542165126839,0.544339746626005,0.543933911025828,0.40017493166063,0.401069004241847,33,33,1
23,15000,0.194116252290924,0.192869424160039,0.709075989477539,0.712801255170103,0.553984415285769,0.5539434306453,0.444496734572135,0.444578925546509,37,38,0.973684210526316
24,15000,0.164897774444259,0.165930604656081,0.62656942108535,0.621876837902822,0.376774262624207,0.375881137233154,0.506691337240491,0.509027294556976,50,51,0.980392156862745
25,15000,0.18680193546388,0.187516673714311,0.745327291111854,0.743374714388769,0.425372152264447,0.425953567739095,0.511000146222273,0.509662463982993,59,58,0.983050847457627
26,15000,0.13065828477246,0.130873191996873,0.740249690001956,0.739394510760111,0.562346284565635,0.56118018777407,0.443110096260236,0.44541726625086,48,47,0.979166666666667
27,15000,0.151245146795251,0.151630853061077,0.752958768811025,0.751697150154951,0.258204809672416,0.256095108992235,0.631969383583197,0.637958911480845,56,58,0.96551724137931
28,15000,0.162991236175227,0.16573589961129,0.79495658090039,0.787992849998582,0.334048688632186,0.332393296222332,0.587667624238575,0.591744159494753,55,57,0.931034482758621
29,15000,0.169062954867855,0.169176870544021,0.767559811506985,0.767246466670706,0.452718323747862,0.452142337629184,0.498520582710927,0.499795819084266,33,32,0.96969696969697
30,15000,0.2286876745791,0.22801330108041,0.66136227190346,0.66335653411318,0.311019616024401,0.308376322904194,0.649415092059964,0.65534887060574,46,47,0.978723404255319
31,15000,0.133556842006515,0.133925013880803,0.789640555317857,0.788479174445654,0.32250215987789,0.321963421155379,0.663810555406203,0.664932823816764,44,45,0.977777777777778
32,15000,0.171776382846975,0.172740048020095,0.756605170368449,0.753866621187241,0.44950188349148,0.448782520027684,0.495862413306248,0.497474722320506,38,38,1
33,15000,0.184445965525894,0.184219018532043,0.758816546165248,0.759409697503239,0.468455525768805,0.466746377504164,0.497679118634789,0.501337842390235,35,35,0.944444444444444
34,15000,0.153665740573387,0.15484535940998,0.764968137297954,0.761345831350028,0.366146055656369,0.366293387790083,0.563887203058141,0.563536160870093,43,43,0.954545454545455
35,15000,0.205429203461771,0.204926417862103,0.680332505528258,0.681895355647629,0.434933514283467,0.434545969393823,0.482902856768169,0.483823958807248,53,53,0.962962962962963
36,15000,0.167323770561372,0.168242606020974,0.696539765698017,0.693197794604848,0.556651583692265,0.556458082605552,0.431312443238539,0.431707744490981,46,46,1
37,15000,0.157713640558449,0.15759157106097,0.83427539101145,0.834531831617904,0.363553865172196,0.361671644443028,0.605484259160705,0.609558722619737,39,39,1
38,15000,0.120433614002277,0.120714042667342,0.821338560071497,0.820505568048261,0.447451375288985,0.44747695922788,0.490630776112413,0.490572526012517,38,37,0.923076923076923
39,15000,0.135169440956129,0.133839710444832,0.845856261894125,0.848874125029533,0.328674771196824,0.327859709956959,0.636880104353239,0.638678830664038,39,41,0.951219512195122
40,15000,0.175943467863273,0.175995202052927,0.681336962932014,0.681149536846539,0.524882901510047,0.525031032610822,0.44779019926354,0.447478468826061,48,49,0.979591836734694
41,15000,0.180707060613063,0.179497301722075,0.793638523249733,0.796392283802194,0.46539562329281,0.463265887822112,0.539019785858471,0.54322919176671,38,38,1
42,15000,0.145594713231235,0.144947756440229,0.859782004827174,0.861025366403861,0.401464904717546,0.400281216250815,0.54107154781819,0.543773788915854,41,42,0.976190476190476
43,15000,0.133539482280037,0.13353942609151,0.739006326970613,0.739006546603739,0.429207127106896,0.429032524399337,0.486623303959294,0.487040905267278,31,32,0.96875
44,15000,0.184813972167826,0.185213575529421,0.757035096449715,0.755983286846185,0.512094545996119,0.511732994463903,0.398843959101644,0.399692521784127,47,47,1
45,15000,0.158761147181114,0.158265378789775,0.845860793236688,0.846821960783244,0.397646087532042,0.397073037745299,0.523718787535554,0.525090540927988,38,38,0.948717948717949
46,15000,0.132723885681635,0.132130662158741,0.834143601884354,0.835622914129949,0.489934730478648,0.488179639073101,0.413898547530381,0.418090204388873,35,35,1
47,15000,0.126520265482083,0.126629134771387,0.816208710740024,0.815892273909526,0.336276477448955,0.336024340675889,0.650649904838697,0.651173586923598,48,48,1
48,15000,0.154516855704964,0.155284942064569,0.802965483650703,0.801001740992544,0.352720844329094,0.351953465974725,0.604561104531371,0.606279864054335,37,37,1
49,15000,0.153392304059554,0.153390773028913,0.737185958266679,0.737191204609971,0.308585774822154,0.307093674714563,0.556934709188662,0.561209044066695,48,49,0.94
50,15000,0.13629244927005,0.13638808669184,0.64560727299597,0.645109738489097,0.26252487914148,0.2622473895616,0.640965819440313,0.641724418705845,50,50,1
51,15000,0.192703698848301,0.192481701351082,0.772791599776166,0.77331479308135,0.301149948411008,0.300866836853722,0.720698250819571,0.721223148034345,47,47,0.958333333333333
52,15000,0.182417021415695,0.181728775511015,0.760521499975154,0.762325160276347,0.634067847058307,0.634239046764499,0.357949273415892,0.35760251640737,46,49,0.938775510204082
53,15000,0.166946343045038,0.167287160769148,0.7984212069994,0.797597328491811,0.30579781393476,0.305833903034232,0.645401371777925,0.645317670065757,44,46,0.956521739130435
54,15000,0.235580171049843,0.234158242083215,0.590346217207597,0.595276518747579,0.279227662795436,0.278396229713796,0.668132977717452,0.670106381200728,64,64,0.969230769230769
55,15000,0.221316206838582,0.223211051921051,0.707838431464693,0.702814210197994,0.616495661189333,0.615909289121549,0.309259339403445,0.310572693040353,53,55,0.928571428571429
56,15000,0.165828906195783,0.164912050660087,0.666584579071052,0.670261244405565,0.33642103594131,0.334797207640715,0.563916262969834,0.56811585846604,44,44,1
57,15000,0.135754283377215,0.137202016228531,0.716052862953566,0.709964339793521,0.546798322704102,0.546128278149473,0.424831527815099,0.426240282597246,39,40,0.975
58,15000,0.153638640072941,0.153379488668041,0.769701713157367,0.770477973476564,0.275542720205271,0.274232561113779,0.631784645104902,0.635277923969435,43,43,0.954545454545455
59,15000,0.223720806732209,0.223778099359929,0.750179417252918,0.75005144783832,0.537361757196555,0.537694427728022,0.439660845298662,0.43896683973225,42,42,1
60,15000,0.162601214934205,0.162719585630883,0.808535015223533,0.808256147773774,0.678592473121664,0.67865016254022,0.326260429380494,0.326145870797071,47,46,0.978723404255319
61,15000,0.165412522024362,0.165355386973,0.678587043887673,0.678809043697492,0.437046663618266,0.436388786964158,0.541578246524594,0.542957312010497,35,37,0.945945945945946
62,15000,0.135673112587824,0.135050126226198,0.803769108785056,0.805567084723077,0.565607672960135,0.563166753867046,0.389467618185554,0.394725837118431,35,36,0.972222222222222
63,15000,0.174925583650086,0.175320462163864,0.692092193360432,0.69070047684457,0.508390200019917,0.508232242562123,0.382724142498951,0.383107659639932,49,49,1
64,15000,0.14072672931812,0.140384017741085,0.861540318037446,0.862213878158154,0.359392425129564,0.357719408089087,0.586658878447384,0.590498231308356,49,48,0.979591836734694
65,15000,0.217435500356619,0.217621890322901,0.65907476964261,0.658490023562843,0.354934620507931,0.354759963809162,0.547538540502465,0.547983726611699,52,52,0.962264150943396
66,15000,0.162727768179735,0.162626917267175,0.735644330019003,0.735971898563688,0.493287442629608,0.492487773410516,0.423578318592983,0.425445680359232,50,51,0.980392156862745
67,15000,0.20852985451911,0.207814961507472,0.635485587429444,0.637980598272515,0.325581979078805,0.32306276761677,0.594861264072405,0.601106582406675,45,45,0.956521739130435
68,15000,0.194384706775837,0.195482443262998,0.681563628291863,0.677956901695411,0.57626697834976,0.576031806955382,0.363880759750383,0.364399847358982,38,38,0.948717948717949
69,15000,0.159266956962392,0.158986888710461,0.798905413171827,0.799612034198696,0.397248600505167,0.396811751034689,0.614493836096499,0.615341242809298,36,36,1
70,15000,0.154588059609617,0.154984226288829,0.725164333149339,0.723753871701964,0.373743197773457,0.37241254931333,0.534946344586554,0.538251936917096,45,45,0.956521739130435
71,15000,0.191358374782506,0.190490426502856,0.656618087665718,0.65972599273996,0.531880485492831,0.530494015519372,0.434913112777665,0.437855333320892,34,34,0.888888888888889
72,15000,0.208610889927774,0.20875884379077,0.699914226279908,0.699488413475537,0.420625111728868,0.419350095834371,0.471204528942254,0.474405482695496,41,44,0.931818181818182
73,15000,0.151049692487615,0.149716946041083,0.843006343089289,0.845764504068926,0.428760321990855,0.427707899884952,0.575360891147885,0.577442945336193,40,39,0.975
74,15000,0.160204243590998,0.158014831210797,0.797457646969586,0.802955860443537,0.637319750262054,0.637863477747965,0.299716231274175,0.298520831456467,41,45,0.911111111111111
75,15000,0.184555931670515,0.184625127371598,0.617145141649,0.616857999681649,0.47546851833428,0.475475951473611,0.416916379887195,0.416898148708887,51,51,1
76,15000,0.170863855167553,0.170174374408459,0.787938180718862,0.789646178479813,0.49163154046592,0.490024495187952,0.37337289411045,0.377462836184055,42,43,0.976744186046512
77,15000,0.14898463406842,0.14887205901054,0.634676647169804,0.63522852636216,0.333030984136982,0.332354657287912,0.625722773187009,0.627241410879457,47,49,0.959183673469388
78,15000,0.14271430085217,0.141989738160435,0.741855795756677,0.744470345968994,0.551590214668545,0.55069390510151,0.37614942176696,0.378175233389839,36,37,0.972972972972973
79,15000,0.169865443499581,0.169875465580036,0.802536969371689,0.80251366800186,0.484008759759794,0.483416077700616,0.404381310577033,0.405839120451114,46,45,0.978260869565217
80,15000,0.165203338407635,0.16495417301522,0.806155559314885,0.806739844151238,0.582560334031498,0.582255355379805,0.386108015603262,0.386750609791527,41,41,1
81,15000,0.147206489214287,0.147864690004625,0.785132674067285,0.783206916290316,0.562903810966962,0.560313956531517,0.399451162852694,0.404964559935843,35,34,0.971428571428571
82,15000,0.110413288150574,0.10954529866999,0.808034362498862,0.811040689317333,0.423753262819162,0.422734104680731,0.535934265773486,0.538163806705041,42,41,0.976190476190476
83,15000,0.158138874466773,0.157895186390999,0.795208449215364,0.79583912029775,0.289375697164124,0.288104730524937,0.637363549758208,0.640542024511463,48,50,0.96
84,15000,0.171652643565515,0.172334110158412,0.634428969128721,0.631520549476451,0.441112579922428,0.439922942694832,0.518678186565331,0.521270840926324,45,47,0.957446808510638
85,15000,0.190954799320939,0.191028749589207,0.741329413969884,0.741129026618999,0.568065667610359,0.568238241446285,0.370053401033347,0.369670597353498,41,41,1
86,15000,0.137741103317349,0.136779888772094,0.730353410458766,0.734103690604113,0.436354350234947,0.435955989166665,0.469929212109692,0.470896605597311,38,39,0.974358974358974
87,15000,0.180094789079808,0.179418530891052,0.777442299528909,0.779110575344625,0.445789231285172,0.444799386470747,0.480788654662609,0.483091842082777,38,38,1
88,15000,0.179903032255869,0.175557763383997,0.793524842183255,0.803378539168033,0.316980997150871,0.314867029514468,0.607400852853039,0.612619931784427,37,36,0.972972972972973
89,15000,0.166968626715844,0.16737937425461,0.516805713699965,0.514425446344142,0.661951828616065,0.662047957759247,0.32922934402491,0.329034510239114,43,43,1
90,15000,0.159598649695993,0.159276190827076,0.745618214289331,0.746645100133601,0.345583551444149,0.344645570206889,0.606247002244551,0.608381546563183,35,35,1
91,15000,0.133909551426515,0.133761506985747,0.856342455133713,0.856659922324867,0.264600116180455,0.264731499654671,0.740395572188191,0.740137702312713,50,50,1
92,15000,0.188160773560341,0.188540942239757,0.690351913889095,0.689099395378565,0.349960632414117,0.349783730196196,0.609030991652663,0.60942615498005,45,45,1
93,15000,0.156384191895337,0.156990422416728,0.738431536838722,0.736399641704655,0.3938597185098,0.390519409980637,0.613856190361283,0.620378156746798,35,35,1
94,15000,0.199278182746763,0.199247874010804,0.725089258455806,0.725172875872727,0.331598724560341,0.331320867199614,0.666062753717303,0.666622153017968,49,48,0.979591836734694
95,15000,0.175642180258248,0.176349153446135,0.677482313407946,0.674880771588483,0.323683758005304,0.324220446683135,0.581115066871988,0.579724838472768,48,49,0.979591836734694
96,15000,0.170865201116532,0.172317146274098,0.65972396254371,0.653916328054061,0.40451063016075,0.40517897166065,0.509775948364746,0.508154691872789,55,55,0.964285714285714
97,15000,0.148018639074917,0.149462163569419,0.791867024634825,0.787787672636774,0.331929890893427,0.328291428266921,0.613277241794606,0.62170892860361,34,37,0.868421052631579
98,15000,0.181316242118212,0.181073293857466,0.724364518413771,0.725102679499338,0.408418530784986,0.408545212854228,0.533702007094834,0.533412692328246,49,49,1
99,15000,0.178202669988789,0.17903978731278,0.67851481253969,0.675487327877024,0.527176015110158,0.528330714752468,0.362431209580349,0.359635153988992,66,66,0.970149253731343
100,15000,0.149279885140769,0.148824006552144,0.794303394890715,0.795557810300013,0.347907103685622,0.345959265348655,0.622920227172527,0.627130743845538,38,38,0.948717948717949
1,20000,0.1705741185973,0.169768115761388,0.791193979816037,0.793162632755965,0.320636102815006,0.319809823069841,0.672634000585605,0.67431907196731,36,35,0.972222222222222
2,20000,0.17756176513718,0.178369318976495,0.684903268331603,0.682030620452207,0.306788857472124,0.304967804222947,0.653456732035645,0.657558580904096,43,44,0.977272727272727
3,20000,0.146677081016616,0.146545493767807,0.84156684418083,0.841850984435688,0.288962786575433,0.287885975514739,0.663780171059724,0.666281328109213,43,42,0.976744186046512
4,20000,0.196797276451892,0.196790325865406,0.722281703824089,0.722301320670251,0.349836599545256,0.348137028854817,0.633124309029617,0.636680349521258,38,40,0.95
5,20000,0.148342483993397,0.14788241262749,0.783356511783886,0.784698229970754,0.368137725644755,0.365745046888677,0.634005306624021,0.638747346758523,41,41,1
6,20000,0.178334067408752,0.177923047387633,0.737165119447038,0.738375274150584,0.333718905881816,0.33252023259354,0.592008145595973,0.594933785289744,45,44,0.977777777777778
7,20000,0.207037679467216,0.207110687149555,0.569621231602295,0.569317649215995,0.304628400459673,0.30372422760257,0.667644454729126,0.669614467325874,44,44,0.955555555555556
8,20000,0.148866961040841,0.148582824320721,0.795409825574783,0.796190067261081,0.249853062248229,0.247929076642162,0.696864826450409,0.701515417018335,44,45,0.977777777777778
9,20000,0.193118382903314,0.190820736297814,0.789030767562469,0.794020962216439,0.543601874070156,0.540765271328971,0.404927991344622,0.411122152501964,37,37,0.897435897435897
10,20000,0.14962956169007,0.1494492300855,0.844835988089494,0.845209766021735,0.229679549975082,0.229692684776006,0.680560452803282,0.680523915855757,45,46,0.978260869565217
11,20000,0.180319897098383,0.179497419074152,0.736651132118416,0.739048035437156,0.263963832675977,0.263313408665164,0.684236228013986,0.685790435662241,49,50,0.98
12,20000,0.21829335041824,0.214173658652038,0.655551053536117,0.668429442972998,0.29336884621814,0.291002251119087,0.585835321006592,0.592490469672484,42,42,1
13,20000,0.165706192694343,0.165232825084373,0.825478313656941,0.826473990563996,0.365747829211532,0.364430079758944,0.598338583513803,0.601227653983096,43,44,0.977272727272727
14,20000,0.188044027355432,0.189234820717579,0.775216140767086,0.77236022826382,0.501798440827419,0.501187831653987,0.450971362559599,0.452306711285679,48,48,1
15,20000,0.185930190018425,0.18615766780807,0.718896231401625,0.718207973288568,0.437017573769152,0.435856622374404,0.539318748055149,0.541763126402074,38,39,0.974358974358974
16,20000,0.207255799220985,0.20668450114734,0.724229116144419,0.725747338906827,0.360153940364425,0.354891515466934,0.613562567900144,0.624773001433845,57,58,0.916666666666667
17,20000,0.171851247255542,0.171856911378194,0.722978588594007,0.722960327346158,0.544391550222018,0.54440598763965,0.42642843788714,0.426398014924159,43,44,0.977272727272727
18,20000,0.213859430757626,0.213549238931075,0.720202955921412,0.721014029000129,0.504610548964338,0.503543007529199,0.398779310987568,0.40132047498378,40,39,0.975
19,20000,0.198913272094803,0.199166670383503,0.555598147783301,0.554465167607752,0.34878452075997,0.347764386408223,0.635191422957958,0.637322306047466,34,34,1
20,20000,0.187591034352505,0.188301080821898,0.69073627240318,0.688390667729497,0.472524211352596,0.472876817379233,0.483592976522847,0.482821984632709,46,46,0.957446808510638
21,20000,0.159399112257854,0.159118794659092,0.77276094805954,0.773559485694985,0.462886493194293,0.462847710696507,0.449393598113849,0.449485858299958,48,48,1
22,20000,0.148408296443649,0.148556276261933,0.773612500921934,0.773160808074458,0.524824803077147,0.525026593919592,0.442412253052111,0.441983394769141,37,37,1
23,20000,0.190878998773827,0.1906306801763,0.687987190552726,0.688798470860896,0.554969542762486,0.554768598682623,0.442519321188264,0.44292295473137,40,40,1
24,20000,0.163720780752536,0.164528386542639,0.606157849817901,0.60226275856442,0.340243997401062,0.340068612157391,0.597711860115805,0.598126487379861,71,73,0.972602739726027
25,20000,0.206247928383288,0.207015776429072,0.671825312065094,0.669377216095778,0.420582851003131,0.419187006422138,0.521949539113823,0.525117413605581,56,55,0.982142857142857
26,20000,0.132741686007977,0.133162280253776,0.820343060613634,0.819202764931131,0.552770265636509,0.552910448482942,0.46191481930514,0.461641867297671,39,39,1
27,20000,0.163596603743679,0.163793189835042,0.721613500663848,0.720944051618127,0.255204388883488,0.253411779417953,0.640472949937842,0.645505998729919,49,47,0.959183673469388
28,20000,0.174438327255598,0.17546582240311,0.730044603946512,0.726854997807553,0.328744575317697,0.328089295871773,0.600657912053625,0.602248325283539,61,63,0.9375
29,20000,0.172726706610386,0.173698815716652,0.775419463281873,0.772884462938431,0.460274577564888,0.457548107099529,0.48164064245485,0.487763533786367,31,31,1
30,20000,0.223096511356524,0.22289340628547,0.686122781753074,0.686694023639259,0.314946794637728,0.315297276835222,0.640505673990571,0.639705116755067,46,45,0.895833333333333
31,20000,0.161781708070354,0.162426705031164,0.757712473399005,0.75577670153804,0.299495975796024,0.298453824724012,0.710064895785398,0.712079149733219,54,56,0.964285714285714
32,20000,0.168840146739235,0.16922510592297,0.775198751259181,0.774172479218624,0.447124966791803,0.446346021430306,0.50117996534097,0.502916460180619,40,40,1
33,20000,0.179442351888957,0.179724681234511,0.70020279195601,0.699258665500654,0.463009817120917,0.462176116010368,0.509290011099805,0.511055576871642,35,36,0.972222222222222
34,20000,0.151784350266318,0.151733740786334,0.770338889952553,0.770492016300525,0.36547412900688,0.364977098121713,0.565486384183303,0.566667424463454,44,44,0.91304347826087
35,20000,0.199887666181184,0.19927114770401,0.730861818798536,0.732519477581086,0.416743358915564,0.416316977302117,0.525251319842713,0.526222279792319,43,43,1
36,20000,0.156961233779265,0.158442685362036,0.765581442798339,0.761135521926951,0.552027716755329,0.551217786371742,0.44072089352732,0.442360828716765,41,42,0.976190476190476
37,20000,0.188279188981087,0.188091700237352,0.799648357539714,0.800047179894596,0.362403007445169,0.361844654600406,0.607978045619347,0.609185088332107,39,41,0.951219512195122
38,20000,0.12295861460078,0.123829149411182,0.832167324425462,0.829782434379822,0.446301290380495,0.445944385464242,0.493245875876616,0.494056049293062,38,38,1
39,20000,0.142878798568629,0.140764124489776,0.810768153976497,0.81632814436556,0.331015448470343,0.329244209188984,0.631689727514336,0.635620784177499,39,42,0.928571428571429
40,20000,0.169008306289952,0.169093496419854,0.730025825646036,0.729753591316884,0.532501759887989,0.53289742057412,0.431642815524434,0.430797897611724,40,40,1
41,20000,0.183028413733491,0.182304180224999,0.80702282431257,0.808547003228058,0.448156303734096,0.447365983760759,0.572538785894422,0.574045105235692,31,33,0.939393939393939
42,20000,0.146838023616874,0.146632916557193,0.820610268537212,0.821111070740717,0.404654739708315,0.403762118629292,0.533749753347891,0.535804471753219,41,42,0.976190476190476
43,20000,0.146493398365559,0.145818415320449,0.717959443776021,0.720552516435704,0.428988631207823,0.428473500404833,0.487145858895533,0.48837679290206,31,31,0.9375
44,20000,0.182163887383319,0.181925171264858,0.752048639788718,0.752698068217774,0.496496886226114,0.496520899896561,0.434906940858995,0.434852276722988,45,45,1
45,20000,0.150999749980265,0.150689177782001,0.868476047428446,0.86901652085142,0.367855530420559,0.366777906188866,0.59240898438873,0.594793543335369,43,42,0.976744186046512
46,20000,0.145783242413594,0.145793482679111,0.79899848086931,0.798970241941677,0.465446249546922,0.464392772986549,0.471024674505354,0.473416497238816,37,36,0.972972972972973
47,20000,0.131785686088853,0.13352075382594,0.849738517850345,0.84575583787188,0.316449208077136,0.313478901354999,0.690631627005292,0.696412057366492,49,51,0.96078431372549
48,20000,0.154128935751082,0.15532977516518,0.806264866088231,0.80323427268184,0.329334604832171,0.327659747998734,0.655259849600213,0.658757339425129,33,34,0.970588235294118
49,20000,0.158249374609111,0.159046066131604,0.746418609926929,0.743858919754399,0.298294027809092,0.296448019600441,0.585995518934474,0.591103840129813,38,39,0.974358974358974
50,20000,0.149258114502906,0.149471982263775,0.709956345727511,0.709124559417872,0.244837910958029,0.244465058181137,0.687714232111165,0.688664640135896,48,48,1
51,20000,0.186420937725369,0.186094866611421,0.785959410132412,0.786707517260371,0.300543683189755,0.300397187024681,0.72182168113663,0.722092803952814,47,47,0.958333333333333
52,20000,0.195409543275297,0.195511491701856,0.727241916022144,0.72695723687309,0.611910322585331,0.612475925019222,0.402038202550942,0.40093227267056,51,52,0.980769230769231
53,20000,0.179764948630122,0.17997854441755,0.785840147333389,0.785330917709984,0.305230834646488,0.305200304015482,0.646715074396897,0.646785745319003,38,42,0.904761904761905
54,20000,0.222300785071099,0.224643008725841,0.650928943435458,0.643534370082135,0.269028733512484,0.269847473690847,0.691933446099202,0.690055503436714,59,59,0.934426229508197
55,20000,0.207672422534502,0.208505997035434,0.755834155221731,0.753870111135394,0.591575543975681,0.590440576846489,0.363973228567293,0.366411385502417,40,40,1
56,20000,0.176426023133241,0.175676887145607,0.716328073701271,0.718732001079939,0.326668284217654,0.324711071815445,0.588833667603162,0.593745862082464,50,50,1
57,20000,0.132216662349645,0.135395846957695,0.770585409039321,0.759420098310701,0.548237108851961,0.547242365218927,0.421800672921619,0.4238969859696,41,41,0.952380952380952
58,20000,0.163924319491867,0.16430551838132,0.78309835113771,0.782088387449582,0.24711158171858,0.246456016069732,0.703851039169778,0.705420270035085,40,41,0.975609756097561
59,20000,0.221694483038342,0.221683165779379,0.690569362767858,0.690600954147311,0.518116688624709,0.517718858506755,0.479078092544322,0.479877753568877,42,42,1
60,20000,0.143969573725628,0.144658079478599,0.859223699229666,0.857874010494987,0.655005782295062,0.655971103549409,0.372282484912279,0.370430911728827,46,46,1
61,20000,0.152083407169125,0.152142444783045,0.742604982737235,0.742405106400688,0.424090849006453,0.423728082711593,0.568354316405785,0.569092457932941,41,40,0.975609756097561
62,20000,0.148438992419372,0.148221401578,0.80821544594249,0.808777292613775,0.562897466819692,0.562953653763643,0.3953045414625,0.395183817218617,35,33,0.942857142857143
63,20000,0.173503997096525,0.173863373085352,0.724267322286162,0.723123898170555,0.49470715739209,0.493568519033587,0.415504275937263,0.418191778380292,39,39,1
64,20000,0.149952685326279,0.150516044280228,0.826290434962115,0.824982760266083,0.324500690455939,0.321736098048713,0.663021629896486,0.668738963890305,49,50,0.98
65,20000,0.214137337515403,0.214300979320603,0.677945017358357,0.677452606306562,0.320994464404092,0.318389387733288,0.629933346674367,0.63591563085961,49,50,0.98
66,20000,0.15603816537854,0.156004267988543,0.751715585595831,0.751823447405755,0.482949894841425,0.481161419858716,0.447484660801852,0.451569267425346,46,47,0.978723404255319
67,20000,0.198976943516971,0.199271354536194,0.639151910499525,0.638083281664292,0.305301563300212,0.30390216598415,0.643761291639685,0.647019558423981,40,41,0.975609756097561
68,20000,0.190581370435185,0.19063946957505,0.73392730180507,0.733765051411295,0.58210812629029,0.582081053069052,0.350919760526263,0.350980135166256,37,37,1
69,20000,0.162748520894148,0.160331841871477,0.790011308206503,0.796201318077787,0.379394616349233,0.377459973286372,0.648367585726261,0.65194459341758,42,44,0.911111111111111
70,20000,0.160972548500281,0.160885051878305,0.751520403947621,0.751790452683175,0.349630865476615,0.347981176092813,0.593017253181741,0.596848786585302,48,49,0.979591836734694
71,20000,0.19067385753563,0.189538438359345,0.634709607219912,0.63904709562642,0.532244196468706,0.5307840968243,0.434140012124097,0.437240388618416,34,35,0.916666666666667
72,20000,0.207030841777042,0.206722714774801,0.709736368429594,0.710599732611526,0.414327807079676,0.414266294344276,0.486919515877217,0.487071852460402,43,44,0.933333333333333
73,20000,0.144616628350772,0.141061204005517,0.816416305091354,0.825332214070737,0.418330875509207,0.414644641183728,0.595768035742395,0.602860644245881,41,43,0.953488372093023
74,20000,0.165930910811585,0.165273674997818,0.787846021411149,0.789523334548581,0.631874376818152,0.631838134531579,0.311631806934118,0.311710769850693,45,44,0.977777777777778
75,20000,0.187068817309477,0.186361169909452,0.713929979710069,0.716090188111679,0.435465726542883,0.434871861598256,0.510902698430017,0.512235798459844,44,44,0.955555555555556
76,20000,0.184791496560097,0.185025493970219,0.751934922586821,0.751306286114958,0.49196412847326,0.490995686928991,0.372524782720483,0.374992747048719,43,44,0.977272727272727
77,20000,0.174811118077208,0.175254088842586,0.641987165209562,0.64017045980256,0.332372192359385,0.327222955873707,0.627202076266336,0.638663654199226,55,57,0.964912280701754
78,20000,0.138600174157205,0.138297331234129,0.855151886878721,0.855784184812692,0.531334679541603,0.530820459621284,0.421126323387255,0.422246236493669,39,40,0.975
79,20000,0.170714852066602,0.169937131944127,0.798888755029535,0.800716973115466,0.48420083111385,0.482906818709584,0.403908492740339,0.407090309252,45,46,0.978260869565217
80,20000,0.151495399286626,0.151202285679893,0.840545260268097,0.841161690065468,0.584116281078836,0.583891021993439,0.382824376284248,0.38330030073383,43,44,0.977272727272727
81,20000,0.159431002842693,0.162763079175679,0.731806008508068,0.720478458473721,0.53269940902609,0.531426214550845,0.462170793688317,0.464738631554644,39,39,1
82,20000,0.147966113148603,0.14832412599581,0.768512273755586,0.767390721808208,0.413230966857063,0.41403448502623,0.558694733362691,0.556976848784593,40,40,0.951219512195122
83,20000,0.155945970781675,0.157366300309245,0.801205582571934,0.79756792019568,0.265694614343517,0.26485013698606,0.6942877452546,0.696227993849094,47,48,0.938775510204082
84,20000,0.182691899385636,0.183026403498449,0.643676072731876,0.642370038494722,0.436251001234422,0.435735752250669,0.529229185521076,0.530340568366009,45,47,0.957446808510638
85,20000,0.191532978269221,0.191569903632267,0.724290343152172,0.724184025580906,0.552054130255744,0.548381622889289,0.405064372126892,0.412953591243363,43,43,0.954545454545455
86,20000,0.151608213709234,0.151684103617397,0.752019408346202,0.751771084934197,0.432903507395121,0.432560964851745,0.478280030846509,0.479105344468979,38,38,0.9
87,20000,0.170880986620464,0.170612655228654,0.776068373285847,0.776771092866091,0.431746830519998,0.430925111758176,0.512983872156696,0.514835927258366,42,44,0.954545454545455
88,20000,0.193895671452528,0.18922126118935,0.772205524865096,0.783056409159007,0.316790038253104,0.314677967077897,0.607873737466903,0.613084998142394,36,37,0.972972972972973
89,20000,0.172972517103726,0.174367197360589,0.596542676896061,0.590010281139444,0.65030391355329,0.650483185152399,0.352627840938659,0.352270864957235,37,35,0.945945945945946
90,20000,0.169421636891458,0.169171717712125,0.741705783003938,0.742467256781188,0.349499908675393,0.348852790640144,0.597271949697915,0.598761914696595,39,39,1
91,20000,0.133197446752857,0.133332981823955,0.832624044058707,0.832283243925335,0.261280892811924,0.260932571592481,0.746867832876647,0.747542298830192,53,54,0.945454545454545
92,20000,0.184726674205659,0.185157162846865,0.675373501892181,0.673858714104554,0.344792498134179,0.344712100901719,0.620493198695125,0.62067016158987,45,46,0.936170212765957
93,20000,0.147379429473136,0.147462249908985,0.836473208568166,0.836289367911986,0.357713995597863,0.355585366171994,0.681479191665801,0.685258722054047,40,39,0.975
94,20000,0.195200437281184,0.195545338265419,0.726021039666671,0.725051993727351,0.334724935979303,0.333137302405197,0.659736556326528,0.662956707954224,54,51,0.944444444444444
95,20000,0.149024614790476,0.149380800456111,0.730529747580004,0.72924007949925,0.314536624760507,0.314684074151695,0.604455483270371,0.604084547335077,46,47,0.978723404255319
96,20000,0.179314551421595,0.181367640625765,0.629533945128115,0.621001964276269,0.415873467181366,0.416548741498287,0.481848018323181,0.480163954184407,47,49,0.92
97,20000,0.150641162172756,0.151999805307219,0.778229674581629,0.774211310956645,0.332177505143963,0.328994374958651,0.612700048926236,0.620087179570841,34,34,0.942857142857143
98,20000,0.18602341911352,0.186294144816213,0.704792385954541,0.703932510951895,0.421603351893802,0.421988372256214,0.503109402561847,0.50220143846088,40,41,0.975609756097561
99,20000,0.14741435829172,0.147885683347222,0.803336723905375,0.802077138173215,0.51939577008709,0.519485256762018,0.381111260708785,0.380897985709157,45,44,0.977777777777778
100,20000,0.133393377887933,0.133761024353579,0.850659548472383,0.849835217439089,0.328687392468531,0.327101824258354,0.663432066591165,0.666671401453479,41,38,0.926829268292683
