"rep","p","cap","outer_iters","outer_converged","outer_hit_cap","final_outer_delta","inner_mean","inner_max","inner_conv_frac","inner_hit_cap_frac","n_selected"
1,15000,5,5,FALSE,TRUE,0.0367174588013928,50,50,0,1,834
2,15000,5,5,FALSE,TRUE,0.0449368767710736,50,50,0,1,803
3,15000,5,5,FALSE,TRUE,0.0419879873588526,50,50,0,1,719
4,15000,5,5,FALSE,TRUE,0.031526832703719,50,50,0,1,836
5,15000,5,5,FALSE,TRUE,0.0433428400000059,50,50,0,1,776
6,15000,5,5,FALSE,TRUE,0.0409279854405976,50,50,0,1,780
7,15000,5,5,FALSE,TRUE,0.0361296549024419,50,50,0,1,840
8,15000,5,5,FALSE,TRUE,0.0381442379747812,50,50,0,1,840
9,15000,5,5,FALSE,TRUE,0.0379559313037775,50,50,0,1,815
10,15000,5,5,FALSE,TRUE,0.0302877772826877,50,50,0,1,997
11,15000,5,5,FALSE,TRUE,0.0380488996773621,50,50,0,1,787
12,15000,5,5,FALSE,TRUE,0.0371075826781878,50,50,0,1,823
13,15000,5,5,FALSE,TRUE,0.0375876788531474,50,50,0,1,813
14,15000,5,5,FALSE,TRUE,0.0320410970564246,50,50,0,1,1060
15,15000,5,5,FALSE,TRUE,0.042236261956756,50,50,0,1,835
16,15000,5,5,FALSE,TRUE,0.0344676841248632,50,50,0,1,901
17,15000,5,5,FALSE,TRUE,0.041694183858624,50,50,0,1,779
18,15000,5,5,FALSE,TRUE,0.0385813578332067,50,50,0,1,751
19,15000,5,5,FALSE,TRUE,0.0352060439309522,50,50,0,1,783
20,15000,5,5,FALSE,TRUE,0.0324638236194263,50,50,0,1,883
21,15000,5,5,FALSE,TRUE,0.0365914819166891,50,50,0,1,819
22,15000,5,5,FALSE,TRUE,0.0450490898290105,50,50,0,1,667
23,15000,5,5,FALSE,TRUE,0.0370986683121766,50,50,0,1,800
24,15000,5,5,FALSE,TRUE,0.0435941185559846,50,50,0,1,902
25,15000,5,5,FALSE,TRUE,0.0285249500900638,50,50,0,1,1091
26,15000,5,5,FALSE,TRUE,0.043492713114735,50,50,0,1,870
27,15000,5,5,FALSE,TRUE,0.0370784925692392,50,50,0,1,919
28,15000,5,5,FALSE,TRUE,0.0351063751575514,50,50,0,1,1033
29,15000,5,5,FALSE,TRUE,0.0310035958593135,50,50,0,1,687
30,15000,5,5,FALSE,TRUE,0.0405182751273377,50,50,0,1,836
31,15000,5,5,FALSE,TRUE,0.045208269416779,50,50,0,1,820
32,15000,5,5,FALSE,TRUE,0.0305406234934046,50,50,0,1,818
33,15000,5,5,FALSE,TRUE,0.0445009999138106,50,50,0,1,749
34,15000,5,5,FALSE,TRUE,0.0406875767824909,50,50,0,1,804
35,15000,5,5,FALSE,TRUE,0.038134590194357,50,50,0,1,902
36,15000,5,5,FALSE,TRUE,0.0401810552610233,50,50,0,1,868
37,15000,5,5,FALSE,TRUE,0.0443270691165989,50,50,0,1,777
38,15000,5,5,FALSE,TRUE,0.0395190581459378,50,50,0,1,818
39,15000,5,5,FALSE,TRUE,0.0380240196014059,50,50,0,1,808
40,15000,5,5,FALSE,TRUE,0.0348429829865664,50,50,0,1,966
41,15000,5,5,FALSE,TRUE,0.0408973409449313,50,50,0,1,720
42,15000,5,5,FALSE,TRUE,0.0360290415611368,50,50,0,1,792
43,15000,5,5,FALSE,TRUE,0.0369847574133166,50,50,0,1,632
44,15000,5,5,FALSE,TRUE,0.0381965650104388,50,50,0,1,898
45,15000,5,5,FALSE,TRUE,0.0416870791840694,50,50,0,1,815
46,15000,5,5,FALSE,TRUE,0.0458337812885704,50,50,0,1,829
47,15000,5,5,FALSE,TRUE,0.0409879489769583,50,50,0,1,919
48,15000,5,5,FALSE,TRUE,0.0456947339751575,50,50,0,1,821
49,15000,5,5,FALSE,TRUE,0.0383888683167011,50,50,0,1,814
50,15000,5,5,FALSE,TRUE,0.0394655748221196,50,50,0,1,987
51,15000,5,5,FALSE,TRUE,0.0399372331753754,50,50,0,1,769
52,15000,5,5,FALSE,TRUE,0.0436373579313288,50,50,0,1,834
53,15000,5,5,FALSE,TRUE,0.0387352372799641,50,50,0,1,844
54,15000,5,5,FALSE,TRUE,0.0301142565851789,50,50,0,1,1024
55,15000,5,5,FALSE,TRUE,0.0333245196976919,50,50,0,1,912
56,15000,5,5,FALSE,TRUE,0.0486772404373954,50,50,0,1,818
57,15000,5,5,FALSE,TRUE,0.0364673867792512,50,50,0,1,880
58,15000,5,5,FALSE,TRUE,0.0338000391961067,50,50,0,1,729
59,15000,5,5,FALSE,TRUE,0.048147009032914,50,50,0,1,861
60,15000,5,5,FALSE,TRUE,0.0371070522735413,50,50,0,1,848
61,15000,5,5,FALSE,TRUE,0.0463267806831422,50,50,0,1,694
62,15000,5,5,FALSE,TRUE,0.0357230157211659,50,50,0,1,746
63,15000,5,5,FALSE,TRUE,0.0392773751813306,50,50,0,1,882
64,15000,5,5,FALSE,TRUE,0.0391288856441272,50,50,0,1,826
65,15000,5,5,FALSE,TRUE,0.0334626501896193,50,50,0,1,937
66,15000,5,5,FALSE,TRUE,0.0350585777237652,50,50,0,1,907
67,15000,5,5,FALSE,TRUE,0.051901086579603,50,50,0,1,827
68,15000,5,5,FALSE,TRUE,0.0381732815388651,50,50,0,1,840
69,15000,5,5,FALSE,TRUE,0.0399968562551782,50,50,0,1,793
70,15000,5,5,FALSE,TRUE,0.0426080446716642,50,50,0,1,814
71,15000,5,5,FALSE,TRUE,0.0352583999739612,50,50,0,1,741
72,15000,5,5,FALSE,TRUE,0.0401461048889044,50,50,0,1,832
73,15000,5,5,FALSE,TRUE,0.0388989696407893,50,50,0,1,778
74,15000,5,5,FALSE,TRUE,0.0387537742934773,50,50,0,1,759
75,15000,5,5,FALSE,TRUE,0.0395455938362958,50,50,0,1,900
76,15000,5,5,FALSE,TRUE,0.0425836914324819,50,50,0,1,797
77,15000,5,5,FALSE,TRUE,0.0357180081537608,50,50,0,1,839
78,15000,5,5,FALSE,TRUE,0.0390638438405654,50,50,0,1,683
79,15000,5,5,FALSE,TRUE,0.0330990540737119,50,50,0,1,672
80,15000,5,5,FALSE,TRUE,0.0394506293742365,50,50,0,1,830
81,15000,5,5,FALSE,TRUE,0.042002179337815,50,50,0,1,789
82,15000,5,5,FALSE,TRUE,0.0363925892169037,50,50,0,1,762
83,15000,5,5,FALSE,TRUE,0.0394496173579431,50,50,0,1,905
84,15000,5,5,FALSE,TRUE,0.0417062933457883,50,50,0,1,863
85,15000,5,5,FALSE,TRUE,0.0333532399709663,50,50,0,1,817
86,15000,5,5,FALSE,TRUE,0.0428829530986581,50,50,0,1,705
87,15000,5,5,FALSE,TRUE,0.0502179335543756,50,50,0,1,783
88,15000,5,5,FALSE,TRUE,0.0366869856001488,50,50,0,1,633
89,15000,5,5,FALSE,TRUE,0.0417684581917132,50,50,0,1,841
90,15000,5,5,FALSE,TRUE,0.0382704045411022,50,50,0,1,755
91,15000,5,5,FALSE,TRUE,0.0314860457639569,50,50,0,1,837
92,15000,5,5,FALSE,TRUE,0.034923744461131,50,50,0,1,902
93,15000,5,5,FALSE,TRUE,0.0368225515295963,50,50,0,1,753
94,15000,5,5,FALSE,TRUE,0.0356625347593958,50,50,0,1,804
95,15000,5,5,FALSE,TRUE,0.0400246611587578,50,50,0,1,827
96,15000,5,5,FALSE,TRUE,0.0310142447841573,50,50,0,1,982
97,15000,5,5,FALSE,TRUE,0.0483097365650988,50,50,0,1,769
98,15000,5,5,FALSE,TRUE,0.0349152709182439,50,50,0,1,864
99,15000,5,5,FALSE,TRUE,0.029501549448156,50,50,0,1,1071
100,15000,5,5,FALSE,TRUE,0.0375702754452153,50,50,0,1,768
